id,s1-110.2008,s10-110.2008,s100-110.2008,s101-110.2008,s102-110.2008,s103-110.2008,s104-110.2008,s105-110.2008,s106-110.2008,s107-110.2008,s108-110.2008,s109-110.2008,s11-110.2008,s110-110.2008,s111-110.2008,s112-110.2008,s113-110.2008,s114-110.2008,s115-110.2008,s116-110.2008,s117-110.2008,s118-110.2008,s119-110.2008,s12-110.2008,s120-110.2008,s121-110.2008,s122-110.2008,s123-110.2008,s124-110.2008,s125-110.2008,s126-110.2008,s127-110.2008,s128-110.2008,s129-110.2008,s13-110.2008,s130-110.2008,s131-110.2008,s132-110.2008,s133-110.2008,s134-110.2008,s135-110.2008,s136-110.2008,s137-110.2008,s138-110.2008,s139-110.2008,s14-110.2008,s140-110.2008,s141-110.2008,s142-110.2008,s143-110.2008,s144-110.2008,s145-110.2008,s146-110.2008,s147-110.2008,s148-110.2008,s149-110.2008,s15-110.2008,s150-110.2008,s151-110.2008,s152-110.2008,s153-110.2008,s154-110.2008,s155-110.2008,s156-110.2008,s157-110.2008,s158-110.2008,s159-110.2008,s16-110.2008,s160-110.2008,s161-110.2008,s162-110.2008,s163-110.2008,s164-110.2008,s165-110.2008,s166-110.2008,s167-110.2008,s168-110.2008,s169-110.2008,s17-110.2008,s170-110.2008,s171-110.2008,s172-110.2008,s173-110.2008,s174-110.2008,s175-110.2008,s176-110.2008,s177-110.2008,s178-110.2008,s179-110.2008,s18-110.2008,s180-110.2008,s181-110.2008,s182-110.2008,s183-110.2008,s184-110.2008,s185-110.2008,s186-110.2008,s187-110.2008,s188-110.2008,s189-110.2008,s19-110.2008,s190-110.2008,s191-110.2008,s192-110.2008,s193-110.2008,s194-110.2008,s195-110.2008,s196-110.2008,s197-110.2008,s198-110.2008,s199-110.2008,s2-110.2008,s20-110.2008,s200-110.2008,s201-110.2008,s202-110.2008,s203-110.2008,s204-110.2008,s205-110.2008,s206-110.2008,s207-110.2008,s208-110.2008,s209-110.2008,s21-110.2008,s210-110.2008,s211-110.2008,s212-110.2008,s213-110.2008,s214-110.2008,s215-110.2008,s22-110.2008,s23-110.2008,s24-110.2008,s25-110.2008,s26-110.2008,s27-110.2008,s28-110.2008,s29-110.2008,s3-110.2008,s30-110.2008,s31-110.2008,s32-110.2008,s33-110.2008,s34-110.2008,s35-110.2008,s36-110.2008,s37-110.2008,s38-110.2008,s39-110.2008,s4-110.2008,s40-110.2008,s41-110.2008,s42-110.2008,s43-110.2008,s44-110.2008,s45-110.2008,s46-110.2008,s47-110.2008,s48-110.2008,s49-110.2008,s5-110.2008,s50-110.2008,s51-110.2008,s52-110.2008,s53-110.2008,s54-110.2008,s55-110.2008,s56-110.2008,s57-110.2008,s58-110.2008,s59-110.2008,s6-110.2008,s60-110.2008,s61-110.2008,s62-110.2008,s63-110.2008,s64-110.2008,s65-110.2008,s66-110.2008,s67-110.2008,s68-110.2008,s69-110.2008,s7-110.2008,s70-110.2008,s71-110.2008,s72-110.2008,s73-110.2008,s74-110.2008,s75-110.2008,s76-110.2008,s77-110.2008,s78-110.2008,s79-110.2008,s8-110.2008,s80-110.2008,s81-110.2008,s82-110.2008,s83-110.2008,s84-110.2008,s85-110.2008,s86-110.2008,s87-110.2008,s88-110.2008,s89-110.2008,s9-110.2008,s90-110.2008,s91-110.2008,s92-110.2008,s93-110.2008,s94-110.2008,s95-110.2008,s96-110.2008,s97-110.2008,s98-110.2008,s99-110.2008
S010,Yea,Yea,Nay,Yea,Yea,Yea,Yea,Not Voting,Not Voting,Not Voting,Not Voting,Yea,Yea,Yea,Nay,Yea,Yea,Not Voting,Yea,Yea,Not Voting,Not Voting,Not Voting,Yea,Not Voting,Yea,Yea,Nay,Yea,Yea,Yea,Yea,Yea,Yea,Yea,Yea,Nay,Yea,Nay,Nay,Nay,Yea,Yea,Yea,Yea,Yea,Yea,Not Voting,Not Voting,Not Voting,Not Voting,Not Voting,Yea,Yea,Yea,Yea,Yea,Yea,Yea,Nay,Nay,Nay,Yea,Yea,Yea,Nay,Yea,Yea,Yea,Yea,Yea,Yea,Yea,Yea,Yea,Yea,Nay,Yea,Nay,Yea,Yea,Yea,Yea,Yea,Yea,Nay,Yea,Nay,Nay,Yea,Nay,Nay,Yea,Yea,Yea,Yea,Yea,Yea,Yea,Yea,Nay,Yea,Yea,Yea,Yea,Yea,Yea,Yea,Not Voting,Not Voting,Not Voting,Nay,Nay,Not Voting,Not Voting,Not Voting,Not Voting,Not Voting,Not Voting,Not Voting,Not Voting,Not Voting,Not Voting,Yea,Not Voting,Yea,Yea,Yea,Not Voting,Not Voting,Yea,Yea,Yea,Nay,Nay,Yea,Yea,Nay,Nay,Nay,Yea,Yea,Nay,Yea,Yea,Not Voting,Yea,Yea,Yea,Yea,Yea,Yea,Yea,Nay,Not Voting,Nay,Yea,Nay,Nay,Yea,Not Voting,Nay,Yea,Nay,Yea,Yea,Yea,Nay,Yea,Nay,Yea,Not Voting,Nay,Nay,Nay,Nay,Yea,Nay,Nay,Nay,Yea,Yea,Yea,Yea,Nay,Nay,Nay,Nay,Nay,Nay,Nay,Nay,Nay,Yea,Yea,Nay,Nay,Yea,Yea,Yea,Yea,Yea,Nay,Not Voting,Yea,Not Voting,Yea,Yea,Yea,Nay,Yea,Yea,Nay,Nay,Nay
S017,Nay,Yea,Nay,Yea,Yea,Yea,Yea,Nay,Nay,Yea,Yea,Yea,Yea,Yea,Nay,Yea,Yea,Yea,Yea,Yea,Nay,Nay,Nay,Yea,Nay,Yea,Yea,Nay,Yea,Yea,Yea,Yea,Yea,Yea,Yea,Yea,Nay,Yea,Yea,Nay,Nay,Yea,Yea,Yea,Nay,Yea,Yea,Nay,Not Voting,Not Voting,Not Voting,Not Voting,Not Voting,Not Voting,Not Voting,Yea,Yea,Yea,Not Voting,Nay,Nay,Not Voting,Yea,Not Voting,Not Voting,Not Voting,Yea,Yea,Yea,Yea,Yea,Yea,Yea,Yea,Yea,Nay,Nay,Yea,Yea,Yea,Nay,Yea,Yea,Yea,Yea,Nay,Yea,Nay,Nay,Yea,Nay,Nay,Yea,Yea,Yea,Yea,Yea,Yea,Yea,Yea,Nay,Yea,Yea,Yea,Yea,Yea,Yea,Yea,Yea,Nay,Yea,Nay,Nay,Yea,Nay,Yea,Yea,Nay,Yea,Yea,Yea,Yea,Yea,Yea,Yea,Nay,Yea,Yea,Yea,Yea,Yea,Yea,Yea,Nay,Nay,Yea,Yea,Yea,Nay,Yea,Yea,Yea,Not Voting,Not Voting,Not Voting,Not Voting,Not Voting,Not Voting,Not Voting,Yea,Not Voting,Not Voting,Yea,Nay,Yea,Nay,Yea,Nay,Nay,Yea,Not Voting,Nay,Not Voting,Nay,Yea,Yea,Yea,Not Voting,Not Voting,Not Voting,Not Voting,Yea,Not Voting,Not Voting,Not Voting,Not Voting,Not Voting,Not Voting,Not Voting,Not Voting,Not Voting,Not Voting,Yea,Not Voting,Not Voting,Not Voting,Not Voting,Not Voting,Nay,Nay,Not Voting,Not Voting,Not Voting,Yea,Not Voting,Not Voting,Not Voting,Not Voting,Not Voting,Not Voting,Yea,Yea,Yea,Not Voting,Yea,Not Voting,Not Voting,Not Voting,Yea,Yea,Nay,Yea,Nay,Nay,Nay
S027,Yea,Yea,Nay,Yea,Yea,Yea,Yea,Nay,Yea,Yea,Yea,Not Voting,Nay,Nay,Yea,Yea,Yea,Yea,Nay,Yea,Nay,Nay,Nay,Nay,Nay,Nay,Yea,Yea,Yea,Yea,Yea,Nay,Nay,Yea,Nay,Nay,Yea,Nay,Yea,Yea,Yea,Yea,Yea,Nay,Yea,Nay,Nay,Yea,Present,Not Voting,Nay,Nay,Nay,Nay,Yea,Nay,Nay,Nay,Not Voting,Not Voting,Nay,Nay,Yea,Nay,Yea,Yea,Yea,Nay,Nay,Yea,Yea,Yea,Nay,Nay,Nay,Yea,Yea,Nay,Nay,Yea,Yea,Yea,Yea,Yea,Yea,Nay,Nay,Nay,Nay,Nay,Nay,Nay,Yea,Yea,Nay,Yea,Yea,Nay,Yea,Nay,Yea,Nay,Nay,Nay,Not Voting,Not Voting,Not Voting,Not Voting,Yea,Yea,Yea,Yea,Yea,Nay,Yea,Yea,Nay,Yea,Yea,Nay,Yea,Yea,Yea,Yea,Yea,Yea,Yea,Yea,Yea,Yea,Nay,Yea,Yea,Nay,Nay,Yea,Yea,Yea,Yea,Yea,Nay,Yea,Yea,Yea,Nay,Yea,Nay,Yea,Nay,Nay,Nay,Yea,Yea,Yea,Nay,Yea,Nay,Yea,Yea,Nay,Not Voting,Yea,Nay,Yea,Yea,Yea,Nay,Yea,Yea,Yea,Nay,Not Voting,Yea,Yea,Nay,Nay,Nay,Nay,Nay,Nay,Yea,Nay,Nay,Yea,Yea,Nay,Nay,Yea,Nay,Nay,Yea,Not Voting,Not Voting,Yea,Not Voting,Not Voting,Not Voting,Not Voting,Not Voting,Not Voting,Yea,Yea,Yea,Not Voting,Yea,Not Voting,Yea,Yea,Yea,Nay,Yea,Yea,Nay,Nay,Nay
S051,Yea,Yea,Nay,Yea,Yea,Yea,Yea,Not Voting,Not Voting,Not Voting,Not Voting,Yea,Nay,Yea,Nay,Yea,Yea,Yea,Yea,Yea,Nay,Nay,Nay,Nay,Nay,Yea,Yea,Nay,Yea,Yea,Yea,Yea,Yea,Yea,Yea,Yea,Nay,Yea,Nay,Nay,Nay,Yea,Yea,Yea,Yea,Nay,Yea,Yea,Yea,Not Voting,Yea,Yea,Yea,Yea,Yea,Not Voting,Nay,Yea,Yea,Nay,Nay,Nay,Yea,Yea,Yea,Yea,Yea,Nay,Yea,Yea,Yea,Yea,Nay,Nay,Nay,Yea,Yea,Yea,Nay,Yea,Yea,Yea,Yea,Yea,Yea,Nay,Yea,Nay,Nay,Nay,Nay,Nay,Yea,Yea,Yea,Yea,Not Voting,Not Voting,Not Voting,Yea,Yea,Yea,Yea,Yea,Yea,Yea,Yea,Yea,Not Voting,Nay,Yea,Yea,Yea,Yea,Yea,Yea,Yea,Yea,Yea,Yea,Yea,Yea,Yea,Yea,Yea,Yea,Yea,Yea,Yea,Yea,Yea,Yea,Not Voting,Not Voting,Not Voting,Not Voting,Not Voting,Not Voting,Nay,Nay,Nay,Yea,Yea,Yea,Yea,Yea,Yea,Yea,Yea,Yea,Yea,Yea,Yea,Nay,Yea,Nay,Yea,Nay,Nay,Yea,Yea,Nay,Yea,Nay,Yea,Yea,Yea,Nay,Yea,Nay,Yea,Not Voting,Nay,Nay,Nay,Nay,Yea,Nay,Nay,Yea,Yea,Yea,Yea,Not Voting,Nay,Nay,Nay,Nay,Nay,Nay,Nay,Nay,Nay,Yea,Yea,Nay,Nay,Yea,Yea,Yea,Not Voting,Not Voting,Not Voting,Not Voting,Yea,Not Voting,Not Voting,Not Voting,Yea,Nay,Yea,Yea,Nay,Nay,Nay
S055,Yea,Yea,Nay,Yea,Yea,Not Voting,Yea,Yea,Nay,Yea,Yea,Yea,Yea,Yea,Nay,Yea,Yea,Not Voting,Yea,Yea,Nay,Nay,Nay,Yea,Nay,Yea,Yea,Nay,Yea,Yea,Yea,Yea,Yea,Yea,Yea,Not Voting,Nay,Yea,Nay,Nay,Nay,Not Voting,Not Voting,Not Voting,Not Voting,Yea,Not Voting,Not Voting,Not Voting,Not Voting,Not Voting,Not Voting,Not Voting,Not Voting,Not Voting,Not Voting,Yea,Not Voting,Not Voting,Not Voting,Not Voting,Not Voting,Not Voting,Not Voting,Not Voting,Not Voting,Not Voting,Yea,Not Voting,Not Voting,Not Voting,Not Voting,Not Voting,Not Voting,Not Voting,Not Voting,Not Voting,Yea,Yea,Not Voting,Not Voting,Not Voting,Not Voting,Not Voting,Not Voting,Not Voting,Not Voting,Not Voting,Not Voting,Yea,Not Voting,Not Voting,Not Voting,Not Voting,Not Voting,Not Voting,Not Voting,Not Voting,Not Voting,Not Voting,Nay,Not Voting,Not Voting,Not Voting,Not Voting,Not Voting,Not Voting,Not Voting,Not Voting,Not Voting,Not Voting,Nay,Nay,Not Voting,Not Voting,Not Voting,Not Voting,Not Voting,Not Voting,Not Voting,Not Voting,Not Voting,Not Voting,Yea,Not Voting,Not Voting,Not Voting,Not Voting,Yea,Not Voting,Yea,Yea,Yea,Nay,Nay,Yea,Yea,Nay,Nay,Nay,Yea,Yea,Yea,Not Voting,Yea,Yea,Yea,Yea,Yea,Yea,Yea,Yea,Yea,Nay,Yea,Nay,Yea,Nay,Nay,Nay,Not Voting,Nay,Yea,Nay,Yea,Yea,Yea,Nay,Yea,Nay,Yea,Not Voting,Nay,Nay,Nay,Nay,Yea,Nay,Nay,Nay,Yea,Yea,Yea,Yea,Nay,Nay,Nay,Nay,Nay,Nay,Nay,Nay,Nay,Yea,Yea,Nay,Nay,Yea,Yea,Yea,Yea,Yea,Nay,Not Voting,Yea,Not Voting,Not Voting,Not Voting,Yea,Nay,Yea,Yea,Not Voting,Not Voting,Nay
S057,Yea,Yea,Nay,Yea,Yea,Yea,Yea,Yea,Nay,Yea,Yea,Yea,Yea,Yea,Nay,Yea,Yea,Yea,Yea,Yea,Nay,Nay,Nay,Yea,Nay,Yea,Yea,Nay,Yea,Yea,Yea,Yea,Yea,Yea,Yea,Yea,Nay,Yea,Nay,Nay,Nay,Yea,Yea,Nay,Nay,Yea,Yea,Yea,Yea,Yea,Yea,Yea,Yea,Yea,Yea,Yea,Yea,Yea,Yea,Nay,Nay,Nay,Yea,Yea,Yea,Nay,Yea,Yea,Yea,Yea,Yea,Yea,Yea,Yea,Yea,Nay,Nay,Yea,Yea,Yea,Yea,Yea,Not Voting,Not Voting,Yea,Nay,Yea,Nay,Nay,Yea,Nay,Nay,Yea,Yea,Yea,Yea,Yea,Yea,Yea,Yea,Nay,Yea,Yea,Yea,Yea,Yea,Yea,Yea,Yea,Nay,Yea,Nay,Nay,Yea,Yea,Yea,Yea,Yea,Yea,Yea,Yea,Yea,Yea,Yea,Yea,Nay,Yea,Yea,Yea,Yea,Yea,Yea,Yea,Nay,Nay,Yea,Yea,Yea,Nay,Nay,Nay,Yea,Yea,Yea,Yea,Yea,Yea,Yea,Yea,Yea,Yea,Yea,Yea,Nay,Yea,Nay,Yea,Nay,Nay,Yea,Yea,Nay,Yea,Nay,Yea,Yea,Yea,Nay,Yea,Nay,Yea,Yea,Nay,Nay,Nay,Nay,Yea,Nay,Nay,Yea,Yea,Yea,Yea,Not Voting,Nay,Nay,Nay,Nay,Nay,Yea,Nay,Nay,Nay,Yea,Yea,Nay,Nay,Yea,Yea,Yea,Yea,Yea,Nay,Yea,Yea,Nay,Yea,Yea,Yea,Nay,Yea,Yea,Nay,Nay,Nay
S090,Yea,Yea,Nay,Yea,Yea,Yea,Yea,Nay,Yea,Yea,Yea,Yea,Nay,Nay,Nay,Yea,Yea,Yea,Nay,Yea,Yea,Yea,Nay,Nay,Nay,Yea,Yea,Yea,Yea,Yea,Yea,Nay,Yea,Yea,Nay,Yea,Yea,Nay,Yea,Yea,Yea,Yea,Yea,Nay,Yea,Nay,Yea,Yea,Nay,Not Voting,Yea,Not Voting,Nay,Nay,Yea,Yea,Nay,Nay,Yea,Nay,Yea,Nay,Yea,Yea,Yea,Yea,Yea,Nay,Yea,Yea,Yea,Yea,Nay,Nay,Nay,Yea,Yea,Yea,Nay,Yea,Yea,Yea,Not Voting,Not Voting,Yea,Nay,Yea,Nay,Nay,Nay,Nay,Nay,Yea,Yea,Not Voting,Not Voting,Yea,Nay,Yea,Nay,Yea,Not Voting,Nay,Nay,Yea,Yea,Nay,Nay,Yea,Nay,Yea,Yea,Yea,Yea,Yea,Yea,Nay,Yea,Yea,Not Voting,Yea,Yea,Yea,Yea,Yea,Yea,Yea,Yea,Yea,Not Voting,Nay,Yea,Yea,Nay,Nay,Yea,Yea,Yea,Yea,Yea,Yea,Yea,Yea,Yea,Nay,Yea,Yea,Yea,Nay,Nay,Yea,Yea,Yea,Yea,Nay,Yea,Nay,Yea,Yea,Nay,Yea,Yea,Nay,Yea,Yea,Yea,Nay,Yea,Yea,Yea,Nay,Yea,Yea,Yea,Nay,Yea,Nay,Yea,Nay,Nay,Yea,Yea,Nay,Nay,Yea,Nay,Nay,Yea,Nay,Nay,Yea,Yea,Nay,Nay,Yea,Yea,Yea,Nay,Nay,Present,Yea,Yea,Yea,Nay,Yea,Yea,Yea,Yea,Yea,Nay,Yea,Yea,Nay,Nay,Nay
S105,Yea,Yea,Nay,Yea,Yea,Yea,Yea,Not Voting,Not Voting,Not Voting,Not Voting,Yea,Nay,Nay,Nay,Yea,Yea,Yea,Nay,Yea,Nay,Nay,Nay,Nay,Nay,Yea,Nay,Yea,Yea,Yea,Nay,Nay,Nay,Nay,Nay,Nay,Yea,Nay,Yea,Yea,Yea,Yea,Nay,Nay,Yea,Nay,Nay,Yea,Nay,Nay,Nay,Nay,Nay,Nay,Yea,Nay,Nay,Nay,Nay,Nay,Nay,Nay,Yea,Yea,Yea,Yea,Yea,Nay,Nay,Yea,Yea,Yea,Nay,Nay,Nay,Yea,Yea,Nay,Nay,Yea,Yea,Yea,Yea,Yea,Yea,Nay,Yea,Nay,Nay,Nay,Nay,Nay,Yea,Yea,Nay,Yea,Yea,Nay,Yea,Nay,Yea,Nay,Yea,Nay,Yea,Yea,Nay,Yea,Yea,Yea,Yea,Yea,Yea,Yea,Yea,Yea,Nay,Yea,Yea,Nay,Yea,Yea,Yea,Yea,Yea,Yea,Yea,Yea,Yea,Yea,Yea,Yea,Yea,Nay,Nay,Yea,Yea,Yea,Yea,Yea,Yea,Yea,Yea,Yea,Nay,Yea,Nay,Yea,Nay,Nay,Nay,Yea,Yea,Yea,Nay,Yea,Nay,Yea,Yea,Nay,Yea,Yea,Nay,Yea,Yea,Nay,Nay,Yea,Yea,Yea,Nay,Yea,Yea,Yea,Nay,Yea,Nay,Yea,Nay,Yea,Yea,Yea,Nay,Yea,Yea,Nay,Nay,Yea,Nay,Nay,Yea,Yea,Nay,Nay,Yea,Yea,Yea,Yea,Yea,Nay,Yea,Yea,Yea,Nay,Yea,Yea,Yea,Yea,Yea,Nay,Yea,Yea,Yea,Nay,Nay
S118,Yea,Yea,Yea,Yea,Yea,Yea,Yea,Nay,Yea,Yea,Yea,Yea,Nay,Nay,Yea,Yea,Yea,Yea,Nay,Yea,Nay,Yea,Nay,Nay,Nay,Yea,Yea,Yea,Yea,Yea,Yea,Nay,Nay,Nay,Nay,Yea,Yea,Nay,Yea,Yea,Yea,Yea,Nay,Nay,Yea,Nay,Yea,Nay,Nay,Not Voting,Nay,Nay,Nay,Nay,Yea,Nay,Nay,Nay,Yea,Nay,Nay,Nay,Yea,Yea,Yea,Yea,Yea,Nay,Nay,Nay,Yea,Yea,Nay,Nay,Nay,Yea,Yea,Nay,Nay,Yea,Yea,Yea,Yea,Yea,Yea,Nay,Nay,Yea,Yea,Nay,Yea,Nay,Yea,Yea,Nay,Yea,Nay,Nay,Yea,Nay,Yea,Nay,Nay,Nay,Yea,Yea,Nay,Nay,Yea,Yea,Yea,Yea,Yea,Nay,Yea,Yea,Nay,Yea,Yea,Nay,Yea,Yea,Yea,Yea,Yea,Yea,Yea,Yea,Nay,Nay,Nay,Yea,Yea,Nay,Nay,Yea,Yea,Yea,Yea,Yea,Yea,Yea,Yea,Yea,Nay,Yea,Nay,Yea,Yea,Nay,Nay,Yea,Yea,Yea,Nay,Yea,Nay,Yea,Yea,Nay,Yea,Yea,Nay,Yea,Yea,Nay,Nay,Yea,Yea,Yea,Nay,Yea,Yea,Yea,Nay,Yea,Nay,Yea,Yea,Yea,Yea,Nay,Nay,Yea,Yea,Yea,Yea,Yea,Nay,Nay,Yea,Yea,Yea,Nay,Nay,Yea,Yea,Nay,Nay,Nay,Yea,Yea,Yea,Nay,Yea,Yea,Not Voting,Not Voting,Yea,Nay,Yea,Yea,Nay,Nay,Nay
S127,Yea,Yea,Nay,Yea,Yea,Yea,Yea,Yea,Nay,Yea,Yea,Yea,Yea,Yea,Nay,Yea,Yea,Yea,Yea,Yea,Nay,Nay,Nay,Yea,Yea,Yea,Yea,Nay,Yea,Yea,Yea,Yea,Yea,Yea,Yea,Yea,Nay,Yea,Nay,Nay,Nay,Yea,Yea,Yea,Yea,Yea,Yea,Not Voting,Yea,Yea,Yea,Yea,Yea,Yea,Yea,Yea,Yea,Yea,Yea,Nay,Nay,Nay,Yea,Yea,Yea,Yea,Yea,Yea,Yea,Yea,Yea,Yea,Yea,Yea,Yea,Yea,Yea,Yea,Nay,Yea,Yea,Yea,Yea,Yea,Yea,Nay,Yea,Nay,Nay,Yea,Nay,Nay,Yea,Yea,Yea,Yea,Yea,Yea,Yea,Yea,Yea,Yea,Yea,Yea,Yea,Yea,Yea,Yea,Yea,Nay,Yea,Nay,Yea,Yea,Yea,Yea,Yea,Yea,Yea,Yea,Yea,Yea,Yea,Yea,Yea,Yea,Yea,Yea,Yea,Nay,Yea,Yea,Yea,Nay,Nay,Yea,Yea,Yea,Nay,Nay,Nay,Yea,Nay,Yea,Yea,Yea,Yea,Yea,Yea,Yea,Yea,Yea,Yea,Nay,Yea,Nay,Yea,Nay,Nay,Yea,Yea,Nay,Yea,Nay,Yea,Not Voting,Yea,Nay,Yea,Yea,Yea,Yea,Yea,Yea,Nay,Nay,Nay,Nay,Nay,Nay,Yea,Yea,Yea,Yea,Nay,Nay,Nay,Nay,Nay,Yea,Nay,Nay,Nay,Yea,Yea,Nay,Nay,Yea,Yea,Yea,Yea,Yea,Yea,Yea,Yea,Nay,Yea,Yea,Yea,Nay,Yea,Yea,Nay,Nay,Nay
S131,Yea,Yea,Nay,Yea,Yea,Yea,Yea,Yea,Nay,Yea,Yea,Yea,Yea,Yea,Nay,Yea,Yea,Yea,Yea,Yea,Nay,Nay,Nay,Yea,Yea,Yea,Yea,Nay,Yea,Yea,Yea,Yea,Yea,Yea,Yea,Yea,Nay,Yea,Nay,Nay,Nay,Yea,Yea,Yea,Yea,Nay,Yea,Yea,Yea,Yea,Yea,Yea,Yea,Yea,Yea,Yea,Yea,Yea,Yea,Nay,Nay,Nay,Yea,Yea,Yea,Yea,Yea,Yea,Yea,Yea,Yea,Yea,Yea,Yea,Yea,Nay,Nay,Yea,Yea,Yea,Yea,Yea,Yea,Yea,Yea,Nay,Yea,Nay,Nay,Yea,Nay,Nay,Yea,Yea,Yea,Yea,Yea,Yea,Yea,Yea,Nay,Yea,Yea,Yea,Yea,Yea,Yea,Yea,Yea,Nay,Yea,Nay,Nay,Yea,Yea,Yea,Yea,Yea,Yea,Yea,Yea,Yea,Not Voting,Yea,Yea,Yea,Yea,Yea,Yea,Yea,Yea,Yea,Yea,Nay,Nay,Yea,Yea,Yea,Nay,Nay,Yea,Yea,Nay,Yea,Yea,Yea,Yea,Yea,Yea,Yea,Yea,Yea,Yea,Nay,Yea,Nay,Yea,Nay,Nay,Nay,Yea,Nay,Yea,Nay,Yea,Yea,Yea,Nay,Yea,Nay,Yea,Yea,Nay,Nay,Nay,Nay,Yea,Nay,Nay,Nay,Yea,Yea,Yea,Yea,Nay,Nay,Nay,Nay,Nay,Yea,Nay,Nay,Nay,Yea,Yea,Nay,Nay,Yea,Yea,Yea,Yea,Yea,Nay,Yea,Yea,Nay,Yea,Yea,Yea,Nay,Yea,Yea,Not Voting,Nay,Nay
S136,Yea,Yea,Nay,Yea,Yea,Yea,Yea,Nay,Yea,Yea,Yea,Yea,Nay,Nay,Yea,Yea,Yea,Yea,Nay,Yea,Yea,Yea,Yea,Nay,Yea,Yea,Nay,Yea,Yea,Yea,Nay,Nay,Yea,Yea,Nay,Yea,Yea,Nay,Yea,Yea,Yea,Yea,Nay,Nay,Yea,Nay,Yea,Yea,Nay,Not Voting,Yea,Nay,Nay,Nay,Yea,Nay,Nay,Nay,Yea,Nay,Nay,Nay,Yea,Nay,Yea,Yea,Yea,Nay,Nay,Yea,Yea,Yea,Nay,Nay,Nay,Yea,Yea,Nay,Nay,Yea,Yea,Yea,Yea,Yea,Yea,Nay,Yea,Yea,Yea,Nay,Nay,Nay,Yea,Yea,Nay,Yea,Yea,Nay,Yea,Nay,Yea,Nay,Nay,Nay,Yea,Yea,Nay,Nay,Yea,Yea,Yea,Yea,Yea,Yea,Yea,Yea,Nay,Yea,Yea,Nay,Yea,Yea,Yea,Yea,Yea,Yea,Nay,Nay,Yea,Nay,Nay,Yea,Yea,Nay,Nay,Yea,Yea,Yea,Yea,Yea,Yea,Yea,Yea,Yea,Nay,Yea,Nay,Yea,Nay,Nay,Yea,Nay,Yea,Yea,Nay,Yea,Nay,Yea,Yea,Nay,Yea,Yea,Nay,Yea,Yea,Yea,Nay,Yea,Yea,Yea,Nay,Yea,Yea,Yea,Nay,Nay,Nay,Nay,Nay,Nay,Yea,Nay,Nay,Yea,Nay,Nay,Not Voting,Yea,Nay,Nay,Yea,Yea,Nay,Nay,Nay,Yea,Yea,Nay,Nay,Nay,Yea,Yea,Yea,Nay,Yea,Yea,Not Voting,Yea,Yea,Yea,Yea,Yea,Yea,Yea,Not Voting
S143,Not Voting,Yea,Yea,Yea,Yea,Yea,Yea,Yea,Yea,Yea,Yea,Yea,Nay,Nay,Nay,Yea,Yea,Yea,Nay,Yea,Not Voting,Not Voting,Not Voting,Nay,Not Voting,Not Voting,Not Voting,Yea,Yea,Yea,Nay,Yea,Not Voting,Not Voting,Nay,Yea,Yea,Yea,Nay,Yea,Yea,Yea,Yea,Nay,Yea,Nay,Yea,Yea,Present,Nay,Yea,Yea,Yea,Nay,Yea,Nay,Nay,Nay,Yea,Nay,Nay,Nay,Yea,Yea,Yea,Yea,Yea,Nay,Nay,Yea,Yea,Yea,Nay,Nay,Nay,Yea,Yea,Yea,Nay,Yea,Yea,Yea,Yea,Yea,Yea,Not Voting,Not Voting,Not Voting,Not Voting,Nay,Not Voting,Not Voting,Not Voting,Yea,Nay,Yea,Not Voting,Not Voting,Yea,Yea,Yea,Nay,Nay,Nay,Yea,Yea,Yea,Nay,Yea,Nay,Yea,Yea,Yea,Yea,Yea,Yea,Nay,Yea,Yea,Nay,Yea,Yea,Yea,Yea,Yea,Yea,Yea,Yea,Yea,Yea,Nay,Yea,Yea,Yea,Yea,Yea,Not Voting,Not Voting,Yea,Not Voting,Not Voting,Not Voting,Not Voting,Yea,Nay,Yea,Yea,Yea,Nay,Nay,Yea,Yea,Yea,Yea,Nay,Yea,Nay,Yea,Yea,Nay,Yea,Yea,Nay,Yea,Yea,Nay,Nay,Yea,Yea,Yea,Nay,Yea,Yea,Yea,Nay,Yea,Nay,Yea,Nay,Nay,Yea,Nay,Nay,Yea,Yea,Yea,Nay,Yea,Nay,Nay,Yea,Yea,Nay,Nay,Yea,Yea,Yea,Yea,Nay,Nay,Yea,Yea,Yea,Nay,Yea,Nay,Yea,Yea,Yea,Nay,Yea,Nay,Nay,Nay,Nay
S150,Yea,Yea,Nay,Yea,Yea,Yea,Yea,Yea,Nay,Yea,Yea,Yea,Yea,Yea,Nay,Yea,Yea,Not Voting,Yea,Yea,Nay,Nay,Nay,Yea,Nay,Yea,Yea,Nay,Yea,Yea,Yea,Yea,Yea,Yea,Yea,Yea,Nay,Yea,Nay,Nay,Nay,Yea,Yea,Nay,Nay,Yea,Yea,Yea,Yea,Yea,Yea,Yea,Yea,Yea,Yea,Yea,Yea,Yea,Yea,Nay,Nay,Nay,Yea,Yea,Yea,Nay,Yea,Yea,Yea,Yea,Yea,Yea,Yea,Yea,Yea,Nay,Nay,Yea,Nay,Yea,Yea,Yea,Yea,Yea,Yea,Nay,Yea,Nay,Nay,Nay,Nay,Nay,Yea,Yea,Yea,Yea,Yea,Yea,Yea,Yea,Nay,Yea,Yea,Yea,Yea,Yea,Yea,Yea,Yea,Nay,Yea,Nay,Nay,Yea,Yea,Yea,Yea,Yea,Yea,Yea,Yea,Yea,Yea,Yea,Yea,Yea,Yea,Yea,Yea,Yea,Yea,Yea,Yea,Nay,Nay,Yea,Yea,Yea,Nay,Not Voting,Not Voting,Not Voting,Yea,Yea,Yea,Yea,Yea,Yea,Yea,Yea,Yea,Yea,Yea,Nay,Yea,Nay,Yea,Nay,Nay,Yea,Yea,Nay,Yea,Nay,Yea,Yea,Yea,Nay,Yea,Nay,Yea,Yea,Nay,Nay,Nay,Nay,Yea,Nay,Nay,Nay,Yea,Yea,Yea,Yea,Nay,Nay,Nay,Nay,Nay,Nay,Nay,Nay,Nay,Yea,Yea,Nay,Nay,Yea,Yea,Yea,Yea,Yea,Nay,Nay,Yea,Nay,Yea,Yea,Yea,Nay,Nay,Yea,Not Voting,Nay,Nay
S153,Yea,Yea,Yea,Yea,Yea,Yea,Yea,Nay,Yea,Yea,Yea,Yea,Nay,Nay,Yea,Yea,Yea,Yea,Nay,Yea,Nay,Nay,Nay,Nay,Nay,Nay,Yea,Yea,Yea,Yea,Yea,Nay,Yea,Yea,Nay,Yea,Yea,Nay,Yea,Yea,Yea,Yea,Nay,Nay,Yea,Nay,Yea,Yea,Nay,Nay,Yea,Nay,Yea,Nay,Yea,Nay,Nay,Nay,Yea,Yea,Yea,Nay,Yea,Nay,Yea,Yea,Yea,Nay,Nay,Nay,Yea,Yea,Nay,Nay,Nay,Yea,Yea,Nay,Nay,Yea,Yea,Yea,Yea,Yea,Nay,Nay,Nay,Yea,Yea,Nay,Yea,Yea,Yea,Yea,Nay,Yea,Nay,Nay,Yea,Nay,Yea,Nay,Nay,Nay,Yea,Yea,Nay,Nay,Yea,Yea,Yea,Yea,Yea,Nay,Yea,Yea,Nay,Yea,Yea,Nay,Yea,Yea,Yea,Yea,Yea,Yea,Yea,Yea,Yea,Nay,Nay,Yea,Yea,Yea,Yea,Yea,Yea,Yea,Yea,Yea,Nay,Yea,Yea,Yea,Nay,Yea,Yea,Yea,Nay,Nay,Nay,Yea,Yea,Yea,Nay,Yea,Nay,Yea,Yea,Nay,Yea,Yea,Nay,Yea,Yea,Yea,Nay,Yea,Yea,Yea,Nay,Nay,Yea,Yea,Nay,Yea,Nay,Yea,Nay,Yea,Yea,Nay,Nay,Yea,Yea,Yea,Yea,Yea,Yea,Nay,Yea,Yea,Yea,Yea,Yea,Yea,Yea,Nay,Yea,Nay,Yea,Yea,Yea,Nay,Yea,Yea,Yea,Yea,Yea,Nay,Yea,Yea,Yea,Yea,Yea
S161,Yea,Yea,Nay,Yea,Yea,Yea,Yea,Yea,Yea,Yea,Yea,Yea,Nay,Yea,Nay,Yea,Yea,Yea,Nay,Yea,Nay,Nay,Nay,Nay,Nay,Yea,Yea,Yea,Yea,Yea,Yea,Yea,Yea,Nay,Yea,Yea,Yea,Yea,Nay,Yea,Nay,Yea,Yea,Nay,Yea,Nay,Yea,Yea,Nay,Not Voting,Yea,Not Voting,Nay,Nay,Yea,Yea,Nay,Nay,Yea,Nay,Nay,Nay,Yea,Nay,Yea,Yea,Yea,Nay,Nay,Yea,Yea,Yea,Nay,Yea,Yea,Yea,Yea,Yea,Yea,Yea,Yea,Yea,Yea,Yea,Yea,Nay,Yea,Nay,Yea,Yea,Nay,Nay,Yea,Yea,Nay,Yea,Yea,Nay,Nay,Nay,Yea,Nay,Yea,Nay,Yea,Yea,Nay,Nay,Yea,Yea,Yea,Yea,Yea,Yea,Yea,Yea,Nay,Yea,Yea,Yea,Yea,Yea,Yea,Yea,Yea,Yea,Yea,Yea,Yea,Yea,Nay,Yea,Yea,Yea,Nay,Yea,Yea,Yea,Nay,Nay,Yea,Yea,Yea,Yea,Nay,Yea,Yea,Yea,Yea,Nay,Yea,Yea,Yea,Yea,Nay,Yea,Nay,Yea,Yea,Nay,Yea,Yea,Nay,Yea,Yea,Yea,Nay,Yea,Yea,Yea,Nay,Nay,Yea,Yea,Nay,Nay,Nay,Yea,Nay,Yea,Yea,Yea,Nay,Yea,Nay,Yea,Nay,Yea,Nay,Nay,Yea,Yea,Nay,Yea,Yea,Nay,Yea,Yea,Yea,Nay,Yea,Yea,Yea,Yea,Yea,Yea,Not Voting,Not Voting,Nay,Nay,Yea,Yea,Yea,Nay,Nay
S166,Yea,Yea,Nay,Yea,Yea,Not Voting,Yea,Yea,Nay,Yea,Yea,Yea,Yea,Yea,Nay,Yea,Yea,Not Voting,Yea,Yea,Yea,Yea,Yea,Yea,Yea,Yea,Yea,Nay,Yea,Yea,Yea,Yea,Yea,Yea,Yea,Yea,Nay,Yea,Nay,Nay,Nay,Yea,Yea,Nay,Nay,Yea,Yea,Not Voting,Yea,Not Voting,Yea,Yea,Yea,Yea,Yea,Yea,Yea,Yea,Yea,Nay,Nay,Nay,Yea,Yea,Yea,Nay,Yea,Yea,Yea,Yea,Yea,Yea,Yea,Yea,Yea,Nay,Nay,Yea,Yea,Yea,Yea,Yea,Yea,Yea,Not Voting,Nay,Yea,Nay,Nay,Yea,Nay,Nay,Yea,Yea,Yea,Yea,Yea,Yea,Yea,Yea,Nay,Yea,Yea,Yea,Yea,Yea,Yea,Yea,Yea,Nay,Yea,Nay,Nay,Yea,Yea,Yea,Yea,Yea,Yea,Yea,Yea,Yea,Yea,Yea,Yea,Yea,Yea,Yea,Yea,Yea,Yea,Yea,Yea,Nay,Nay,Yea,Yea,Nay,Nay,Nay,Yea,Yea,Yea,Yea,Yea,Yea,Yea,Yea,Yea,Yea,Yea,Yea,Yea,Nay,Yea,Nay,Yea,Nay,Nay,Yea,Yea,Nay,Yea,Nay,Yea,Yea,Yea,Nay,Yea,Nay,Yea,Yea,Nay,Nay,Nay,Nay,Yea,Nay,Nay,Nay,Yea,Yea,Yea,Yea,Nay,Nay,Nay,Nay,Nay,Nay,Nay,Nay,Nay,Yea,Yea,Nay,Nay,Yea,Nay,Yea,Not Voting,Yea,Nay,Not Voting,Yea,Not Voting,Not Voting,Not Voting,Yea,Nay,Yea,Yea,Nay,Nay,Nay
S167,Yea,Yea,Nay,Yea,Yea,Yea,Yea,Yea,Nay,Yea,Yea,Yea,Yea,Yea,Nay,Yea,Yea,Yea,Yea,Yea,Nay,Yea,Nay,Yea,Yea,Yea,Yea,Nay,Yea,Yea,Yea,Yea,Yea,Yea,Yea,Yea,Nay,Yea,Nay,Nay,Nay,Yea,Yea,Yea,Nay,Yea,Yea,Yea,Yea,Not Voting,Yea,Yea,Yea,Yea,Yea,Yea,Yea,Yea,Yea,Nay,Nay,Nay,Yea,Yea,Yea,Yea,Yea,Yea,Yea,Yea,Yea,Yea,Yea,Yea,Yea,Nay,Nay,Yea,Yea,Yea,Yea,Yea,Yea,Yea,Yea,Nay,Yea,Nay,Nay,Yea,Nay,Nay,Yea,Yea,Yea,Yea,Yea,Yea,Yea,Yea,Nay,Yea,Yea,Yea,Yea,Yea,Yea,Yea,Yea,Nay,Yea,Nay,Nay,Yea,Yea,Yea,Yea,Yea,Yea,Yea,Yea,Yea,Yea,Yea,Yea,Nay,Yea,Yea,Yea,Yea,Yea,Yea,Yea,Nay,Nay,Yea,Yea,Yea,Nay,Nay,Nay,Yea,Nay,Yea,Yea,Yea,Yea,Yea,Yea,Yea,Yea,Yea,Yea,Nay,Yea,Nay,Yea,Nay,Nay,Nay,Yea,Nay,Yea,Nay,Yea,Yea,Yea,Nay,Yea,Nay,Yea,Yea,Nay,Nay,Nay,Nay,Yea,Nay,Nay,Nay,Yea,Yea,Yea,Yea,Nay,Nay,Nay,Nay,Nay,Nay,Nay,Nay,Nay,Yea,Yea,Nay,Nay,Yea,Yea,Yea,Yea,Yea,Nay,Not Voting,Yea,Nay,Yea,Yea,Yea,Nay,Yea,Yea,Nay,Nay,Nay
S172,Yea,Yea,Nay,Yea,Yea,Yea,Yea,Yea,Nay,Yea,Yea,Yea,Yea,Yea,Nay,Yea,Yea,Yea,Yea,Yea,Nay,Yea,Yea,Yea,Yea,Yea,Yea,Nay,Yea,Yea,Yea,Yea,Yea,Yea,Yea,Yea,Nay,Yea,Nay,Nay,Nay,Yea,Yea,Nay,Nay,Yea,Yea,Yea,Yea,Yea,Yea,Yea,Yea,Yea,Yea,Yea,Yea,Yea,Yea,Not Voting,Not Voting,Not Voting,Yea,Yea,Yea,Nay,Yea,Yea,Yea,Yea,Yea,Yea,Yea,Yea,Yea,Nay,Nay,Yea,Yea,Yea,Nay,Nay,Yea,Yea,Yea,Nay,Yea,Nay,Nay,Yea,Nay,Nay,Yea,Yea,Yea,Yea,Not Voting,Not Voting,Yea,Yea,Nay,Yea,Yea,Yea,Yea,Yea,Yea,Yea,Yea,Nay,Yea,Nay,Nay,Yea,Yea,Yea,Yea,Yea,Yea,Yea,Yea,Yea,Yea,Yea,Yea,Nay,Yea,Yea,Yea,Yea,Yea,Yea,Yea,Nay,Nay,Yea,Yea,Yea,Not Voting,Nay,Nay,Yea,Yea,Yea,Yea,Yea,Yea,Yea,Yea,Not Voting,Yea,Yea,Yea,Nay,Yea,Nay,Yea,Nay,Nay,Nay,Yea,Nay,Yea,Nay,Yea,Yea,Yea,Nay,Yea,Nay,Yea,Yea,Nay,Nay,Nay,Nay,Yea,Nay,Nay,Yea,Yea,Yea,Yea,Yea,Nay,Nay,Nay,Nay,Nay,Nay,Nay,Nay,Nay,Yea,Yea,Nay,Nay,Yea,Yea,Yea,Yea,Yea,Nay,Yea,Yea,Nay,Yea,Yea,Yea,Not Voting,Yea,Yea,Nay,Nay,Nay
S173,Yea,Yea,Nay,Yea,Yea,Yea,Yea,Yea,Nay,Yea,Yea,Yea,Yea,Yea,Nay,Yea,Yea,Not Voting,Yea,Yea,Nay,Nay,Nay,Yea,Nay,Yea,Yea,Nay,Yea,Yea,Yea,Yea,Yea,Yea,Yea,Yea,Nay,Yea,Nay,Nay,Nay,Yea,Yea,Nay,Nay,Yea,Yea,Yea,Yea,Yea,Yea,Yea,Yea,Yea,Yea,Yea,Yea,Yea,Yea,Nay,Nay,Nay,Yea,Yea,Yea,Nay,Yea,Yea,Yea,Yea,Yea,Yea,Yea,Yea,Yea,Nay,Nay,Yea,Yea,Yea,Yea,Yea,Yea,Yea,Yea,Nay,Yea,Nay,Nay,Yea,Nay,Nay,Yea,Yea,Yea,Yea,Yea,Yea,Yea,Yea,Nay,Yea,Yea,Yea,Yea,Yea,Yea,Yea,Yea,Nay,Yea,Nay,Nay,Not Voting,Yea,Yea,Yea,Nay,Yea,Yea,Yea,Yea,Yea,Yea,Yea,Yea,Yea,Yea,Yea,Not Voting,Yea,Yea,Yea,Nay,Nay,Yea,Not Voting,Yea,Nay,Nay,Yea,Yea,Yea,Yea,Yea,Yea,Yea,Yea,Yea,Yea,Yea,Yea,Yea,Not Voting,Yea,Nay,Yea,Nay,Nay,Nay,Not Voting,Nay,Yea,Nay,Yea,Yea,Yea,Nay,Yea,Nay,Yea,Not Voting,Nay,Nay,Nay,Nay,Yea,Nay,Nay,Nay,Yea,Yea,Yea,Yea,Nay,Nay,Nay,Nay,Nay,Nay,Nay,Nay,Nay,Yea,Yea,Nay,Nay,Yea,Yea,Yea,Yea,Yea,Nay,Yea,Yea,Nay,Yea,Yea,Yea,Nay,Yea,Yea,Nay,Nay,Nay
S174,Yea,Yea,Yea,Yea,Yea,Yea,Yea,Yea,Yea,Yea,Yea,Yea,Nay,Nay,Yea,Yea,Yea,Yea,Nay,Yea,Yea,Nay,Nay,Nay,Nay,Nay,Yea,Yea,Yea,Yea,Yea,Nay,Yea,Nay,Nay,Yea,Yea,Nay,Yea,Yea,Yea,Yea,Nay,Nay,Yea,Nay,Yea,Nay,Nay,Nay,Yea,Nay,Nay,Nay,Yea,Nay,Nay,Nay,Yea,Nay,Yea,Yea,Yea,Nay,Yea,Yea,Yea,Nay,Nay,Yea,Yea,Yea,Nay,Nay,Nay,Yea,Yea,Nay,Nay,Yea,Yea,Yea,Yea,Yea,Nay,Nay,Nay,Yea,Yea,Nay,Yea,Yea,Yea,Yea,Nay,Yea,Yea,Nay,Yea,Nay,Yea,Nay,Nay,Nay,Yea,Yea,Nay,Nay,Yea,Yea,Yea,Yea,Yea,Nay,Yea,Yea,Nay,Yea,Yea,Nay,Yea,Yea,Yea,Yea,Yea,Yea,Yea,Yea,Yea,Nay,Nay,Yea,Yea,Yea,Yea,Yea,Yea,Yea,Yea,Yea,Yea,Yea,Yea,Yea,Nay,Yea,Nay,Yea,Nay,Nay,Nay,Yea,Yea,Yea,Nay,Yea,Nay,Yea,Yea,Nay,Yea,Yea,Nay,Yea,Yea,Nay,Nay,Yea,Yea,Yea,Nay,Yea,Yea,Yea,Nay,Yea,Nay,Yea,Yea,Yea,Yea,Nay,Nay,Yea,Yea,Yea,Yea,Yea,Yea,Nay,Yea,Yea,Yea,Nay,Yea,Yea,Yea,Yea,Nay,Nay,Yea,Yea,Yea,Nay,Yea,Yea,Yea,Yea,Yea,Yea,Yea,Yea,Yea,Yea,Yea
S176,Yea,Yea,Nay,Yea,Yea,Yea,Yea,Yea,Nay,Yea,Yea,Yea,Nay,Yea,Nay,Yea,Yea,Yea,Yea,Yea,Nay,Nay,Nay,Nay,Nay,Yea,Yea,Nay,Yea,Yea,Yea,Yea,Yea,Yea,Yea,Yea,Nay,Yea,Nay,Nay,Nay,Yea,Yea,Yea,Yea,Nay,Yea,Yea,Yea,Not Voting,Yea,Yea,Yea,Yea,Yea,Yea,Nay,Yea,Yea,Nay,Nay,Nay,Yea,Yea,Yea,Yea,Yea,Nay,Yea,Yea,Yea,Yea,Nay,Nay,Nay,Yea,Yea,Yea,Nay,Yea,Yea,Yea,Yea,Yea,Yea,Nay,Yea,Nay,Nay,Nay,Nay,Nay,Yea,Yea,Yea,Yea,Yea,Yea,Yea,Yea,Yea,Yea,Not Voting,Not Voting,Yea,Yea,Yea,Yea,Yea,Nay,Yea,Yea,Yea,Yea,Yea,Yea,Yea,Yea,Yea,Yea,Yea,Yea,Not Voting,Yea,Yea,Yea,Yea,Yea,Yea,Yea,Yea,Yea,Yea,Nay,Nay,Yea,Yea,Yea,Nay,Nay,Nay,Yea,Yea,Yea,Yea,Yea,Yea,Yea,Yea,Yea,Yea,Not Voting,Yea,Nay,Yea,Nay,Yea,Nay,Nay,Nay,Yea,Nay,Yea,Nay,Yea,Yea,Yea,Nay,Yea,Nay,Yea,Yea,Nay,Nay,Nay,Nay,Yea,Nay,Nay,Nay,Yea,Yea,Yea,Yea,Nay,Nay,Nay,Nay,Nay,Nay,Nay,Nay,Nay,Yea,Yea,Nay,Nay,Yea,Yea,Yea,Yea,Yea,Nay,Yea,Yea,Nay,Not Voting,Not Voting,Yea,Nay,Yea,Yea,Nay,Nay,Nay
S182,Yea,Yea,Nay,Yea,Yea,Yea,Yea,Yea,Nay,Yea,Yea,Yea,Yea,Yea,Nay,Yea,Yea,Yea,Yea,Yea,Not Voting,Not Voting,Not Voting,Yea,Not Voting,Yea,Yea,Nay,Yea,Yea,Yea,Yea,Yea,Yea,Yea,Yea,Nay,Yea,Nay,Nay,Nay,Yea,Yea,Yea,Yea,Nay,Yea,Yea,Yea,Not Voting,Yea,Yea,Yea,Yea,Yea,Yea,Nay,Yea,Yea,Nay,Nay,Nay,Yea,Yea,Yea,Yea,Yea,Nay,Yea,Yea,Yea,Yea,Nay,Nay,Yea,Yea,Yea,Yea,Nay,Yea,Yea,Yea,Yea,Yea,Yea,Nay,Yea,Nay,Nay,Yea,Nay,Nay,Yea,Yea,Yea,Yea,Yea,Yea,Yea,Yea,Yea,Yea,Yea,Yea,Yea,Yea,Yea,Yea,Not Voting,Nay,Yea,Yea,Yea,Yea,Yea,Yea,Yea,Yea,Yea,Yea,Yea,Yea,Yea,Yea,Yea,Yea,Yea,Yea,Yea,Yea,Yea,Yea,Yea,Nay,Nay,Yea,Yea,Nay,Nay,Nay,Nay,Yea,Yea,Yea,Yea,Yea,Yea,Yea,Yea,Yea,Yea,Yea,Yea,Nay,Yea,Nay,Yea,Nay,Nay,Yea,Yea,Nay,Yea,Nay,Yea,Yea,Yea,Nay,Yea,Nay,Yea,Yea,Nay,Nay,Nay,Nay,Yea,Nay,Nay,Yea,Yea,Yea,Yea,Yea,Nay,Nay,Nay,Nay,Nay,Yea,Nay,Nay,Nay,Yea,Not Voting,Nay,Nay,Yea,Yea,Yea,Yea,Yea,Nay,Yea,Yea,Nay,Yea,Yea,Yea,Nay,Yea,Yea,Nay,Nay,Nay
S184,Yea,Nay,Nay,Yea,Yea,Yea,Yea,Nay,Yea,Yea,Yea,Yea,Nay,Nay,Yea,Yea,Yea,Yea,Nay,Yea,Nay,Nay,Nay,Nay,Nay,Yea,Yea,Yea,Yea,Yea,Nay,Nay,Yea,Yea,Nay,Yea,Yea,Nay,Yea,Yea,Yea,Yea,Yea,Nay,Yea,Nay,Yea,Nay,Nay,Not Voting,Yea,Nay,Nay,Nay,Yea,Nay,Nay,Nay,Yea,Nay,Nay,Nay,Yea,Yea,Yea,Yea,Yea,Nay,Nay,Yea,Yea,Yea,Nay,Nay,Nay,Yea,Yea,Nay,Nay,Yea,Yea,Yea,Not Voting,Not Voting,Yea,Nay,Nay,Yea,Yea,Nay,Nay,Nay,Yea,Yea,Nay,Yea,Yea,Nay,Yea,Nay,Yea,Nay,Nay,Nay,Yea,Yea,Nay,Nay,Yea,Yea,Yea,Yea,Yea,Nay,Yea,Yea,Nay,Yea,Yea,Nay,Nay,Nay,Nay,Yea,Nay,Yea,Nay,Nay,Yea,Nay,Nay,Yea,Yea,Yea,Yea,Yea,Yea,Yea,Yea,Yea,Yea,Yea,Yea,Yea,Nay,Yea,Nay,Yea,Nay,Nay,Nay,Yea,Yea,Yea,Nay,Yea,Nay,Yea,Yea,Nay,Nay,Yea,Nay,Yea,Yea,Nay,Nay,Yea,Yea,Yea,Nay,Yea,Yea,Yea,Nay,Yea,Nay,Nay,Yea,Yea,Yea,Nay,Nay,Yea,Yea,Yea,Yea,Yea,Nay,Nay,Yea,Yea,Yea,Nay,Nay,Yea,Yea,Nay,Yea,Nay,Yea,Yea,Yea,Nay,Yea,Yea,Yea,Yea,Yea,Yea,Yea,Yea,Yea,Yea,Yea
S197,Not Voting,Yea,Not Voting,Not Voting,Not Voting,Not Voting,Not Voting,Not Voting,Not Voting,Not Voting,Not Voting,Not Voting,Not Voting,Not Voting,Not Voting,Not Voting,Not Voting,Not Voting,Not Voting,Not Voting,Not Voting,Not Voting,Not Voting,Not Voting,Not Voting,Not Voting,Not Voting,Not Voting,Not Voting,Not Voting,Not Voting,Not Voting,Not Voting,Not Voting,Nay,Not Voting,Not Voting,Not Voting,Not Voting,Not Voting,Not Voting,Not Voting,Not Voting,Not Voting,Not Voting,Nay,Not Voting,Not Voting,Not Voting,Not Voting,Not Voting,Not Voting,Not Voting,Not Voting,Not Voting,Not Voting,Nay,Not Voting,Not Voting,Not Voting,Not Voting,Not Voting,Not Voting,Not Voting,Not Voting,Not Voting,Not Voting,Nay,Not Voting,Not Voting,Not Voting,Not Voting,Not Voting,Not Voting,Not Voting,Not Voting,Not Voting,Not Voting,Nay,Not Voting,Not Voting,Not Voting,Not Voting,Not Voting,Not Voting,Not Voting,Not Voting,Not Voting,Not Voting,Nay,Not Voting,Not Voting,Not Voting,Not Voting,Not Voting,Not Voting,Not Voting,Not Voting,Not Voting,Not Voting,Yea,Not Voting,Not Voting,Not Voting,Not Voting,Not Voting,Not Voting,Not Voting,Not Voting,Not Voting,Not Voting,Not Voting,Yea,Not Voting,Not Voting,Not Voting,Not Voting,Not Voting,Not Voting,Not Voting,Not Voting,Not Voting,Not Voting,Yea,Nay,Yea,Yea,Yea,Yea,Nay,Nay,Yea,Not Voting,Not Voting,Not Voting,Not Voting,Not Voting,Not Voting,Not Voting,Not Voting,Not Voting,Not Voting,Not Voting,Not Voting,Not Voting,Not Voting,Not Voting,Not Voting,Not Voting,Not Voting,Not Voting,Not Voting,Yea,Yea,Nay,Yea,Nay,Yea,Yea,Nay,Not Voting,Yea,Nay,Yea,Yea,Yea,Not Voting,Not Voting,Not Voting,Not Voting,Not Voting,Not Voting,Not Voting,Not Voting,Not Voting,Not Voting,Not Voting,Not Voting,Not Voting,Not Voting,Not Voting,Not Voting,Not Voting,Not Voting,Not Voting,Not Voting,Yea,Yea,Yea,Nay,Yea,Yea,Yea,Not Voting,Yea,Yea,Not Voting,Not Voting,Not Voting,Not Voting,Not Voting,Not Voting,Not Voting,Not Voting,Yea,Not Voting,Not Voting,Not Voting,Yea,Not Voting,Not Voting,Not Voting,Not Voting,Not Voting,Not Voting
S198,Yea,Yea,Nay,Yea,Yea,Yea,Yea,Yea,Nay,Yea,Yea,Yea,Yea,Nay,Nay,Yea,Yea,Yea,Nay,Yea,Nay,Nay,Not Voting,Yea,Not Voting,Yea,Not Voting,Nay,Yea,Yea,Yea,Yea,Yea,Yea,Yea,Yea,Nay,Yea,Nay,Nay,Nay,Yea,Yea,Nay,Nay,Yea,Yea,Yea,Yea,Yea,Yea,Yea,Nay,Yea,Yea,Nay,Yea,Nay,Yea,Nay,Nay,Nay,Yea,Yea,Yea,Yea,Yea,Yea,Nay,Yea,Yea,Yea,Yea,Yea,Yea,Nay,Nay,Yea,Yea,Yea,Yea,Yea,Yea,Yea,Yea,Nay,Yea,Nay,Nay,Yea,Nay,Nay,Yea,Yea,Nay,Yea,Yea,Nay,Yea,Yea,Nay,Yea,Nay,Nay,Yea,Yea,Nay,Yea,Yea,Nay,Yea,Nay,Nay,Yea,Yea,Yea,Yea,Yea,Yea,Yea,Yea,Yea,Yea,Yea,Yea,Yea,Yea,Yea,Yea,Nay,Yea,Yea,Yea,Nay,Nay,Yea,Yea,Yea,Nay,Yea,Yea,Yea,Yea,Yea,Nay,Yea,Yea,Yea,Yea,Yea,Yea,Yea,Yea,Nay,Yea,Nay,Yea,Nay,Nay,Nay,Yea,Nay,Yea,Nay,Yea,Yea,Yea,Nay,Yea,Nay,Yea,Yea,Nay,Nay,Nay,Nay,Yea,Nay,Nay,Nay,Yea,Yea,Yea,Yea,Yea,Nay,Nay,Nay,Nay,Nay,Nay,Nay,Nay,Nay,Yea,Nay,Nay,Yea,Yea,Yea,Yea,Yea,Nay,Yea,Yea,Nay,Yea,Yea,Yea,Nay,Yea,Yea,Nay,Nay,Nay
S200,Yea,Yea,Nay,Yea,Yea,Nay,Yea,Yea,Yea,Yea,Yea,Yea,Nay,Nay,Yea,Yea,Yea,Yea,Nay,Yea,Nay,Nay,Nay,Nay,Nay,Yea,Yea,Yea,Yea,Yea,Nay,Nay,Yea,Nay,Nay,Yea,Yea,Nay,Yea,Yea,Yea,Yea,Yea,Nay,Yea,Nay,Yea,Yea,Nay,Not Voting,Yea,Nay,Nay,Nay,Yea,Nay,Nay,Nay,Yea,Yea,Yea,Yea,Nay,Not Voting,Nay,Yea,Yea,Nay,Nay,Yea,Yea,Yea,Nay,Nay,Nay,Yea,Yea,Nay,Nay,Nay,Yea,Yea,Not Voting,Not Voting,Nay,Yea,Yea,Yea,Yea,Nay,Yea,Yea,Yea,Yea,Nay,Nay,Not Voting,Not Voting,Yea,Nay,Yea,Nay,Nay,Nay,Yea,Yea,Nay,Not Voting,Yea,Yea,Yea,Yea,Yea,Nay,Yea,Yea,Nay,Yea,Yea,Nay,Yea,Yea,Not Voting,Yea,Nay,Yea,Yea,Yea,Yea,Yea,Nay,Yea,Yea,Yea,Nay,Yea,Yea,Yea,Yea,Yea,Yea,Yea,Yea,Not Voting,Nay,Yea,Nay,Yea,Nay,Nay,Nay,Yea,Yea,Yea,Nay,Yea,Nay,Yea,Yea,Nay,Yea,Yea,Nay,Yea,Yea,Nay,Nay,Yea,Yea,Yea,Nay,Nay,Yea,Yea,Nay,Yea,Nay,Yea,Yea,Nay,Yea,Nay,Nay,Yea,Yea,Yea,Yea,Yea,Nay,Nay,Yea,Yea,Yea,Nay,Yea,Yea,Not Voting,Not Voting,Not Voting,Not Voting,Yea,Yea,Not Voting,Yea,Yea,Yea,Yea,Yea,Yea,Nay,Yea,Yea,Nay,Nay,Nay
S201,Yea,Yea,Nay,Yea,Yea,Yea,Yea,Yea,Nay,Yea,Yea,Yea,Yea,Yea,Nay,Yea,Yea,Yea,Yea,Yea,Nay,Nay,Nay,Yea,Yea,Nay,Yea,Nay,Yea,Yea,Yea,Yea,Yea,Yea,Yea,Yea,Nay,Yea,Nay,Nay,Nay,Yea,Yea,Yea,Yea,Nay,Yea,Yea,Yea,Not Voting,Yea,Not Voting,Yea,Yea,Yea,Yea,Nay,Yea,Yea,Nay,Nay,Not Voting,Yea,Yea,Yea,Yea,Yea,Yea,Yea,Nay,Yea,Yea,Nay,Yea,Nay,Yea,Yea,Yea,Nay,Yea,Yea,Yea,Yea,Yea,Yea,Nay,Yea,Nay,Nay,Yea,Nay,Nay,Yea,Yea,Yea,Yea,Yea,Yea,Yea,Yea,Yea,Yea,Yea,Yea,Yea,Yea,Yea,Yea,Yea,Nay,Yea,Nay,Yea,Yea,Yea,Yea,Yea,Nay,Nay,Yea,Yea,Yea,Yea,Yea,Yea,Nay,Yea,Yea,Yea,Yea,Yea,Yea,Yea,Nay,Nay,Yea,Yea,Yea,Nay,Nay,Nay,Yea,Nay,Yea,Yea,Yea,Yea,Yea,Yea,Yea,Yea,Yea,Yea,Nay,Yea,Nay,Yea,Nay,Nay,Yea,Yea,Nay,Yea,Nay,Yea,Yea,Yea,Nay,Yea,Nay,Yea,Yea,Nay,Nay,Nay,Nay,Yea,Nay,Nay,Nay,Yea,Yea,Yea,Yea,Nay,Nay,Nay,Nay,Nay,Yea,Nay,Nay,Nay,Yea,Yea,Nay,Nay,Nay,Yea,Yea,Yea,Yea,Nay,Not Voting,Yea,Not Voting,Not Voting,Not Voting,Yea,Nay,Yea,Yea,Nay,Nay,Nay
S209,Yea,Yea,Nay,Yea,Yea,Yea,Yea,Yea,Nay,Yea,Yea,Yea,Yea,Yea,Nay,Yea,Yea,Yea,Yea,Yea,Nay,Nay,Nay,Yea,Nay,Yea,Yea,Nay,Yea,Yea,Yea,Yea,Yea,Yea,Yea,Yea,Nay,Yea,Nay,Nay,Nay,Yea,Yea,Yea,Nay,Yea,Yea,Yea,Yea,Yea,Yea,Yea,Yea,Yea,Yea,Yea,Nay,Yea,Yea,Nay,Nay,Nay,Yea,Yea,Yea,Yea,Yea,Yea,Yea,Yea,Yea,Yea,Nay,Yea,Yea,Yea,Yea,Yea,Yea,Yea,Yea,Yea,Yea,Yea,Yea,Nay,Yea,Nay,Nay,Yea,Nay,Nay,Yea,Yea,Yea,Yea,Yea,Yea,Yea,Yea,Yea,Yea,Yea,Yea,Yea,Yea,Yea,Yea,Yea,Nay,Yea,Nay,Yea,Yea,Yea,Yea,Yea,Yea,Yea,Yea,Yea,Yea,Yea,Yea,Yea,Yea,Yea,Yea,Yea,Yea,Yea,Yea,Yea,Nay,Nay,Yea,Yea,Yea,Nay,Nay,Yea,Yea,Yea,Yea,Yea,Yea,Yea,Yea,Yea,Yea,Yea,Yea,Yea,Nay,Yea,Nay,Yea,Nay,Nay,Yea,Yea,Nay,Yea,Nay,Yea,Yea,Yea,Nay,Yea,Nay,Yea,Yea,Nay,Yea,Nay,Nay,Yea,Nay,Nay,Nay,Yea,Yea,Yea,Yea,Nay,Nay,Nay,Nay,Nay,Yea,Nay,Nay,Nay,Yea,Yea,Nay,Nay,Yea,Yea,Yea,Yea,Yea,Nay,Yea,Yea,Nay,Yea,Yea,Yea,Nay,Yea,Yea,Nay,Nay,Nay
S210,Yea,Yea,Nay,Yea,Not Voting,Yea,Yea,Yea,Nay,Yea,Yea,Yea,Nay,Yea,Nay,Yea,Yea,Yea,Yea,Yea,Nay,Nay,Nay,Nay,Yea,Yea,Yea,Nay,Yea,Yea,Yea,Yea,Yea,Yea,Nay,Yea,Nay,Yea,Nay,Nay,Nay,Yea,Yea,Nay,Yea,Nay,Yea,Yea,Yea,Yea,Yea,Yea,Yea,Yea,Yea,Yea,Nay,Yea,Yea,Not Voting,Not Voting,Not Voting,Yea,Yea,Yea,Yea,Yea,Nay,Yea,Yea,Yea,Yea,Nay,Nay,Nay,Yea,Yea,Yea,Nay,Yea,Yea,Yea,Yea,Yea,Yea,Nay,Yea,Nay,Nay,Nay,Nay,Nay,Yea,Yea,Yea,Yea,Yea,Yea,Yea,Yea,Yea,Yea,Yea,Yea,Yea,Yea,Yea,Yea,Yea,Nay,Yea,Yea,Yea,Yea,Yea,Yea,Yea,Yea,Yea,Yea,Yea,Yea,Yea,Yea,Yea,Yea,Yea,Yea,Yea,Yea,Nay,Yea,Yea,Nay,Nay,Yea,Yea,Yea,Not Voting,Nay,Nay,Not Voting,Nay,Yea,Yea,Yea,Yea,Yea,Yea,Not Voting,Yea,Yea,Yea,Nay,Yea,Nay,Yea,Nay,Nay,Yea,Not Voting,Nay,Yea,Nay,Yea,Yea,Yea,Nay,Yea,Nay,Yea,Not Voting,Nay,Nay,Nay,Nay,Yea,Nay,Nay,Nay,Yea,Yea,Not Voting,Yea,Nay,Nay,Nay,Nay,Yea,Yea,Nay,Nay,Nay,Yea,Yea,Nay,Nay,Yea,Yea,Yea,Yea,Yea,Yea,Nay,Yea,Nay,Not Voting,Not Voting,Yea,Nay,Yea,Yea,Nay,Nay,Nay
S213,Yea,Yea,Nay,Yea,Yea,Yea,Yea,Yea,Nay,Yea,Yea,Yea,Yea,Yea,Nay,Yea,Yea,Yea,Yea,Yea,Nay,Nay,Nay,Yea,Nay,Yea,Yea,Nay,Yea,Yea,Yea,Yea,Yea,Yea,Yea,Yea,Nay,Yea,Nay,Nay,Nay,Yea,Yea,Yea,Yea,Yea,Yea,Yea,Yea,Not Voting,Yea,Yea,Yea,Yea,Yea,Yea,Yea,Yea,Yea,Nay,Nay,Nay,Yea,Yea,Yea,Yea,Yea,Yea,Yea,Yea,Yea,Yea,Yea,Yea,Yea,Nay,Nay,Yea,Yea,Yea,Yea,Yea,Yea,Yea,Yea,Nay,Yea,Nay,Nay,Yea,Nay,Nay,Yea,Yea,Yea,Yea,Yea,Yea,Yea,Yea,Nay,Yea,Yea,Yea,Yea,Yea,Yea,Yea,Yea,Nay,Yea,Nay,Nay,Yea,Yea,Yea,Yea,Yea,Yea,Yea,Yea,Yea,Yea,Yea,Yea,Nay,Yea,Yea,Yea,Yea,Yea,Yea,Yea,Nay,Nay,Yea,Yea,Yea,Nay,Nay,Yea,Yea,Yea,Yea,Yea,Yea,Yea,Yea,Yea,Yea,Yea,Yea,Yea,Nay,Yea,Nay,Yea,Nay,Nay,Yea,Yea,Nay,Yea,Nay,Yea,Yea,Yea,Nay,Yea,Nay,Yea,Yea,Nay,Nay,Nay,Nay,Yea,Nay,Nay,Nay,Yea,Yea,Yea,Yea,Nay,Nay,Nay,Nay,Nay,Nay,Nay,Nay,Nay,Yea,Yea,Nay,Nay,Yea,Yea,Yea,Yea,Yea,Nay,Yea,Yea,Nay,Yea,Yea,Yea,Nay,Yea,Yea,Nay,Nay,Nay
S215,Yea,Nay,Nay,Yea,Yea,Yea,Yea,Nay,Yea,Yea,Yea,Yea,Nay,Nay,Yea,Yea,Yea,Yea,Not Voting,Not Voting,Yea,Nay,Yea,Nay,Nay,Nay,Yea,Yea,Yea,Yea,Nay,Nay,Yea,Yea,Yea,Yea,Yea,Nay,Yea,Yea,Yea,Yea,Yea,Nay,Yea,Nay,Yea,Nay,Nay,Nay,Yea,Not Voting,Nay,Nay,Yea,Nay,Nay,Nay,Yea,Nay,Yea,Nay,Yea,Nay,Yea,Yea,Yea,Not Voting,Nay,Nay,Nay,Yea,Nay,Nay,Nay,Yea,Yea,Nay,Nay,Yea,Yea,Yea,Not Voting,Not Voting,Nay,Yea,Nay,Yea,Yea,Nay,Yea,Yea,Nay,Yea,Nay,Yea,Yea,Nay,Yea,Nay,Yea,Nay,Nay,Nay,Yea,Yea,Nay,Nay,Yea,Yea,Yea,Yea,Yea,Nay,Yea,Yea,Nay,Yea,Yea,Nay,Yea,Yea,Nay,Yea,Nay,Yea,Yea,Yea,Yea,Not Voting,Nay,Yea,Yea,Nay,Nay,Yea,Yea,Yea,Yea,Yea,Yea,Yea,Yea,Yea,Nay,Yea,Nay,Yea,Nay,Nay,Nay,Yea,Yea,Yea,Nay,Yea,Nay,Yea,Yea,Nay,Yea,Yea,Nay,Yea,Yea,Yea,Nay,Yea,Yea,Yea,Nay,Nay,Yea,Yea,Nay,Yea,Nay,Yea,Yea,Yea,Yea,Nay,Nay,Yea,Yea,Yea,Yea,Yea,Nay,Nay,Yea,Yea,Yea,Nay,Nay,Yea,Yea,Nay,Yea,Nay,Yea,Yea,Yea,Nay,Nay,Yea,Yea,Yea,Yea,Nay,Yea,Yea,Nay,Nay,Nay
S221,Yea,Yea,Nay,Yea,Not Voting,Yea,Yea,Yea,Nay,Yea,Yea,Yea,Yea,Yea,Nay,Yea,Yea,Yea,Yea,Yea,Nay,Yea,Yea,Nay,Nay,Yea,Yea,Nay,Yea,Yea,Yea,Yea,Yea,Yea,Yea,Yea,Nay,Yea,Nay,Nay,Nay,Yea,Yea,Nay,Nay,Nay,Yea,Yea,Yea,Not Voting,Yea,Yea,Yea,Yea,Yea,Yea,Nay,Yea,Yea,Nay,Nay,Nay,Yea,Yea,Yea,Yea,Yea,Yea,Yea,Yea,Yea,Yea,Nay,Nay,Yea,Yea,Yea,Yea,Nay,Yea,Yea,Yea,Yea,Yea,Yea,Nay,Yea,Nay,Nay,Yea,Nay,Nay,Yea,Yea,Yea,Yea,Yea,Yea,Yea,Yea,Yea,Yea,Yea,Yea,Yea,Yea,Yea,Yea,Yea,Nay,Yea,Nay,Nay,Yea,Yea,Yea,Yea,Yea,Yea,Yea,Yea,Not Voting,Yea,Yea,Yea,Yea,Yea,Yea,Yea,Yea,Yea,Yea,Yea,Nay,Nay,Yea,Yea,Nay,Nay,Nay,Yea,Yea,Yea,Yea,Yea,Yea,Yea,Yea,Yea,Yea,Yea,Yea,Yea,Nay,Yea,Nay,Yea,Nay,Nay,Yea,Yea,Nay,Yea,Nay,Yea,Yea,Yea,Nay,Yea,Nay,Yea,Yea,Nay,Nay,Nay,Nay,Yea,Nay,Nay,Nay,Yea,Yea,Yea,Yea,Nay,Nay,Nay,Nay,Nay,Nay,Nay,Nay,Nay,Yea,Yea,Nay,Nay,Yea,Yea,Yea,Yea,Yea,Nay,Yea,Yea,Nay,Yea,Yea,Yea,Nay,Yea,Yea,Nay,Nay,Nay
S222,Yea,Yea,Nay,Yea,Yea,Yea,Yea,Yea,Nay,Yea,Yea,Yea,Yea,Yea,Nay,Yea,Yea,Yea,Yea,Yea,Nay,Nay,Nay,Not Voting,Yea,Nay,Yea,Nay,Yea,Yea,Yea,Yea,Yea,Yea,Yea,Yea,Nay,Yea,Nay,Nay,Nay,Yea,Yea,Yea,Yea,Yea,Yea,Yea,Yea,Yea,Yea,Nay,Yea,Yea,Yea,Yea,Yea,Yea,Yea,Nay,Nay,Nay,Yea,Yea,Yea,Yea,Yea,Yea,Yea,Yea,Yea,Yea,Yea,Yea,Yea,Yea,Nay,Yea,Nay,Yea,Yea,Yea,Yea,Yea,Yea,Nay,Yea,Nay,Nay,Yea,Nay,Nay,Yea,Yea,Yea,Yea,Yea,Yea,Yea,Yea,Nay,Yea,Yea,Yea,Yea,Yea,Yea,Yea,Yea,Nay,Yea,Nay,Nay,Yea,Yea,Yea,Yea,Yea,Yea,Yea,Yea,Yea,Yea,Yea,Yea,Nay,Nay,Nay,Yea,Yea,Yea,Yea,Yea,Nay,Nay,Yea,Yea,Yea,Nay,Nay,Nay,Yea,Nay,Yea,Yea,Yea,Yea,Yea,Yea,Yea,Yea,Not Voting,Yea,Nay,Yea,Nay,Yea,Nay,Nay,Nay,Not Voting,Nay,Yea,Nay,Yea,Yea,Yea,Yea,Yea,Nay,Nay,Yea,Yea,Nay,Nay,Nay,Yea,Nay,Nay,Yea,Yea,Yea,Yea,Yea,Nay,Nay,Nay,Nay,Nay,Nay,Nay,Nay,Nay,Yea,Yea,Nay,Nay,Yea,Yea,Yea,Yea,Yea,Nay,Not Voting,Yea,Not Voting,Not Voting,Not Voting,Yea,Nay,Yea,Yea,Nay,Nay,Nay
S223,Yea,Yea,Nay,Yea,Yea,Yea,Yea,Yea,Nay,Yea,Yea,Yea,Yea,Yea,Nay,Yea,Yea,Yea,Yea,Yea,Nay,Yea,Yea,Yea,Nay,Yea,Not Voting,Nay,Yea,Yea,Yea,Yea,Yea,Yea,Yea,Yea,Nay,Yea,Nay,Nay,Nay,Yea,Yea,Nay,Nay,Yea,Yea,Yea,Yea,Yea,Yea,Yea,Yea,Yea,Yea,Yea,Yea,Yea,Yea,Nay,Nay,Present,Yea,Yea,Yea,Nay,Yea,Yea,Yea,Yea,Yea,Yea,Yea,Yea,Yea,Nay,Nay,Yea,Yea,Yea,Yea,Yea,Not Voting,Not Voting,Yea,Nay,Yea,Nay,Nay,Yea,Nay,Nay,Yea,Yea,Yea,Yea,Yea,Yea,Yea,Yea,Nay,Yea,Yea,Yea,Yea,Yea,Yea,Yea,Yea,Nay,Yea,Nay,Nay,Yea,Yea,Yea,Yea,Yea,Yea,Yea,Yea,Not Voting,Not Voting,Yea,Yea,Nay,Yea,Yea,Yea,Yea,Yea,Yea,Yea,Nay,Not Voting,Not Voting,Yea,Nay,Nay,Nay,Yea,Yea,Yea,Yea,Yea,Yea,Yea,Yea,Yea,Yea,Yea,Yea,Yea,Nay,Yea,Nay,Yea,Nay,Nay,Yea,Yea,Nay,Yea,Nay,Yea,Yea,Yea,Nay,Yea,Nay,Yea,Yea,Nay,Nay,Nay,Nay,Yea,Nay,Nay,Nay,Yea,Yea,Yea,Yea,Nay,Nay,Nay,Nay,Nay,Nay,Nay,Nay,Nay,Yea,Yea,Nay,Nay,Yea,Yea,Yea,Yea,Yea,Not Voting,Not Voting,Yea,Not Voting,Not Voting,Not Voting,Yea,Nay,Yea,Yea,Nay,Nay,Nay
S224,Yea,Nay,Not Voting,Not Voting,Not Voting,Yea,Nay,Nay,Yea,Nay,Nay,Yea,Nay,Nay,Yea,Yea,Not Voting,Not Voting,Nay,Yea,Nay,Nay,Nay,Nay,Nay,Nay,Yea,Yea,Yea,Yea,Yea,Nay,Nay,Nay,Nay,Nay,Yea,Nay,Nay,Yea,Yea,Yea,Nay,Nay,Yea,Nay,Nay,Yea,Nay,Not Voting,Not Voting,Not Voting,Nay,Nay,Yea,Nay,Nay,Nay,Nay,Nay,Nay,Not Voting,Yea,Nay,Yea,Yea,Yea,Nay,Nay,Nay,Yea,Not Voting,Nay,Nay,Nay,Yea,Yea,Nay,Nay,Yea,Yea,Yea,Not Voting,Not Voting,Yea,Yea,Nay,Yea,Yea,Nay,Yea,Yea,Nay,Yea,Nay,Yea,Yea,Nay,Yea,Nay,Yea,Nay,Nay,Nay,Yea,Yea,Nay,Nay,Yea,Nay,Yea,Yea,Yea,Nay,Yea,Yea,Nay,Yea,Yea,Nay,Yea,Yea,Nay,Yea,Nay,Yea,Yea,Yea,Yea,Nay,Nay,Yea,Yea,Yea,Yea,Yea,Yea,Yea,Yea,Yea,Yea,Nay,Yea,Yea,Nay,Yea,Nay,Yea,Nay,Nay,Nay,Yea,Yea,Yea,Nay,Yea,Nay,Yea,Yea,Nay,Not Voting,Yea,Nay,Yea,Yea,Nay,Nay,Yea,Yea,Yea,Nay,Yea,Yea,Yea,Nay,Yea,Nay,Yea,Yea,Yea,Yea,Nay,Nay,Nay,Yea,Yea,Yea,Yea,Nay,Nay,Yea,Yea,Yea,Nay,Nay,Yea,Yea,Nay,Nay,Nay,Yea,Yea,Yea,Nay,Nay,Yea,Nay,Nay,Yea,Yea,Yea,Nay,Nay,Nay,Not Voting
S229,Yea,Yea,Nay,Yea,Yea,Yea,Yea,Yea,Nay,Yea,Yea,Yea,Yea,Yea,Nay,Yea,Yea,Yea,Yea,Yea,Nay,Yea,Yea,Yea,Yea,Yea,Not Voting,Nay,Yea,Yea,Yea,Yea,Yea,Yea,Yea,Yea,Nay,Yea,Nay,Nay,Nay,Yea,Yea,Yea,Nay,Yea,Yea,Yea,Yea,Not Voting,Yea,Yea,Yea,Yea,Yea,Yea,Yea,Yea,Yea,Nay,Nay,Nay,Yea,Yea,Yea,Yea,Yea,Yea,Yea,Yea,Yea,Yea,Yea,Yea,Yea,Nay,Nay,Yea,Nay,Yea,Yea,Yea,Not Voting,Not Voting,Yea,Nay,Yea,Nay,Nay,Yea,Nay,Nay,Yea,Yea,Yea,Yea,Not Voting,Not Voting,Yea,Yea,Nay,Yea,Yea,Yea,Yea,Yea,Yea,Yea,Yea,Nay,Yea,Nay,Nay,Yea,Yea,Yea,Yea,Yea,Yea,Yea,Yea,Not Voting,Not Voting,Yea,Yea,Yea,Yea,Yea,Yea,Yea,Yea,Yea,Yea,Nay,Nay,Yea,Yea,Yea,Nay,Nay,Yea,Yea,Yea,Yea,Yea,Yea,Yea,Yea,Yea,Yea,Yea,Yea,Yea,Nay,Yea,Nay,Yea,Nay,Nay,Yea,Yea,Nay,Yea,Nay,Yea,Yea,Yea,Nay,Yea,Nay,Yea,Yea,Nay,Nay,Nay,Nay,Yea,Nay,Nay,Nay,Not Voting,Yea,Yea,Yea,Nay,Nay,Nay,Nay,Nay,Nay,Nay,Nay,Nay,Yea,Yea,Nay,Nay,Yea,Yea,Yea,Yea,Yea,Nay,Yea,Yea,Nay,Yea,Yea,Yea,Nay,Yea,Yea,Nay,Nay,Nay
S230,Nay,Yea,Nay,Yea,Yea,Yea,Nay,Nay,Yea,Yea,Yea,Yea,Yea,Yea,Nay,Yea,Yea,Yea,Yea,Yea,Nay,Nay,Nay,Yea,Nay,Nay,Nay,Nay,Yea,Yea,Yea,Yea,Nay,Nay,Yea,Yea,Nay,Yea,Nay,Nay,Yea,Yea,Yea,Nay,Nay,Yea,Yea,Yea,Yea,Yea,Yea,Yea,Yea,Yea,Yea,Yea,Yea,Yea,Yea,Nay,Nay,Nay,Yea,Yea,Yea,Nay,Yea,Yea,Yea,Yea,Yea,Yea,Yea,Yea,Yea,Nay,Nay,Yea,Yea,Yea,Yea,Yea,Yea,Yea,Yea,Nay,Yea,Nay,Yea,Yea,Nay,Nay,Yea,Yea,Yea,Yea,Yea,Yea,Yea,Yea,Nay,Yea,Yea,Yea,Yea,Yea,Yea,Yea,Yea,Nay,Yea,Nay,Nay,Nay,Nay,Yea,Yea,Nay,Yea,Yea,Nay,Nay,Yea,Yea,Yea,Nay,Nay,Nay,Yea,Yea,Yea,Yea,Yea,Nay,Nay,Yea,Yea,Yea,Nay,Nay,Yea,Yea,Yea,Yea,Yea,Yea,Yea,Yea,Yea,Yea,Yea,Yea,Nay,Nay,Yea,Nay,Yea,Nay,Nay,Yea,Yea,Nay,Yea,Nay,Yea,Yea,Yea,Nay,Yea,Nay,Yea,Yea,Nay,Nay,Nay,Nay,Yea,Nay,Nay,Yea,Yea,Yea,Yea,Yea,Nay,Nay,Nay,Nay,Yea,Yea,Nay,Nay,Nay,Yea,Yea,Nay,Nay,Yea,Yea,Yea,Yea,Yea,Nay,Yea,Yea,Nay,Yea,Yea,Yea,Nay,Yea,Yea,Nay,Nay,Nay
S231,Yea,Yea,Nay,Yea,Yea,Yea,Yea,Nay,Yea,Yea,Yea,Yea,Nay,Nay,Yea,Yea,Yea,Yea,Nay,Yea,Nay,Nay,Nay,Nay,Nay,Yea,Yea,Yea,Yea,Yea,Nay,Nay,Nay,Yea,Nay,Nay,Yea,Nay,Yea,Yea,Yea,Yea,Nay,Nay,Yea,Nay,Nay,Yea,Nay,Not Voting,Nay,Nay,Nay,Nay,Yea,Nay,Nay,Nay,Nay,Nay,Nay,Nay,Yea,Nay,Yea,Yea,Yea,Nay,Nay,Yea,Yea,Yea,Nay,Nay,Nay,Yea,Yea,Nay,Nay,Yea,Yea,Yea,Yea,Yea,Yea,Nay,Nay,Nay,Nay,Nay,Nay,Nay,Yea,Yea,Nay,Yea,Yea,Nay,Nay,Nay,Yea,Nay,Nay,Nay,Yea,Yea,Nay,Nay,Yea,Nay,Yea,Yea,Yea,Nay,Yea,Yea,Nay,Yea,Yea,Nay,Yea,Yea,Yea,Yea,Yea,Yea,Yea,Yea,Yea,Nay,Nay,Yea,Yea,Nay,Nay,Yea,Yea,Yea,Yea,Yea,Yea,Yea,Yea,Yea,Nay,Yea,Nay,Yea,Nay,Nay,Nay,Yea,Yea,Yea,Nay,Yea,Nay,Yea,Yea,Nay,Yea,Yea,Nay,Yea,Yea,Yea,Nay,Yea,Yea,Yea,Nay,Nay,Yea,Yea,Nay,Yea,Nay,Nay,Nay,Nay,Yea,Nay,Nay,Yea,Yea,Nay,Nay,Yea,Nay,Nay,Yea,Yea,Nay,Nay,Nay,Yea,Yea,Yea,Nay,Nay,Yea,Yea,Yea,Nay,Yea,Yea,Not Voting,Not Voting,Yea,Yea,Yea,Yea,Nay,Nay,Nay
S235,Yea,Yea,Nay,Yea,Not Voting,Yea,Yea,Nay,Yea,Yea,Yea,Yea,Nay,Nay,Yea,Yea,Yea,Yea,Nay,Yea,Nay,Yea,Yea,Nay,Yea,Yea,Nay,Yea,Yea,Yea,Nay,Nay,Yea,Nay,Nay,Yea,Yea,Nay,Yea,Yea,Yea,Yea,Yea,Nay,Yea,Nay,Yea,Yea,Nay,Nay,Yea,Nay,Nay,Nay,Yea,Nay,Nay,Nay,Yea,Nay,Yea,Nay,Yea,Nay,Yea,Yea,Yea,Nay,Nay,Yea,Yea,Yea,Nay,Nay,Nay,Yea,Yea,Yea,Nay,Yea,Yea,Yea,Not Voting,Not Voting,Yea,Yea,Yea,Yea,Yea,Nay,Yea,Yea,Nay,Yea,Nay,Yea,Nay,Nay,Yea,Nay,Yea,Nay,Nay,Nay,Yea,Yea,Not Voting,Not Voting,Yea,Yea,Yea,Yea,Yea,Nay,Yea,Yea,Nay,Yea,Yea,Nay,Yea,Yea,Yea,Yea,Yea,Yea,Yea,Yea,Yea,Nay,Nay,Not Voting,Yea,Yea,Nay,Yea,Yea,Yea,Yea,Yea,Yea,Yea,Yea,Yea,Not Voting,Yea,Nay,Yea,Nay,Nay,Nay,Yea,Yea,Yea,Nay,Yea,Nay,Yea,Yea,Nay,Yea,Yea,Nay,Yea,Yea,Nay,Nay,Yea,Yea,Yea,Nay,Yea,Yea,Yea,Nay,Nay,Nay,Yea,Yea,Yea,Yea,Nay,Nay,Yea,Yea,Yea,Nay,Yea,Nay,Yea,Yea,Yea,Yea,Nay,Yea,Yea,Yea,Nay,Nay,Nay,Yea,Yea,Yea,Nay,Yea,Yea,Yea,Yea,Yea,Nay,Yea,Yea,Yea,Nay,Yea
S236,Yea,Nay,Yea,Nay,Not Voting,Yea,Yea,Nay,Yea,Yea,Yea,Yea,Nay,Nay,Yea,Yea,Yea,Yea,Not Voting,Not Voting,Nay,Nay,Nay,Nay,Yea,Nay,Nay,Not Voting,Not Voting,Not Voting,Not Voting,Nay,Yea,Nay,Nay,Yea,Yea,Nay,Yea,Yea,Yea,Yea,Yea,Nay,Yea,Nay,Yea,Nay,Nay,Nay,Yea,Nay,Nay,Nay,Yea,Nay,Nay,Nay,Yea,Yea,Yea,Yea,Not Voting,Nay,Nay,Yea,Yea,Nay,Nay,Nay,Yea,Nay,Nay,Nay,Nay,Yea,Yea,Nay,Nay,Nay,Yea,Yea,Not Voting,Not Voting,Nay,Nay,Nay,Yea,Yea,Nay,Yea,Yea,Nay,Yea,Nay,Nay,Not Voting,Not Voting,Yea,Nay,Yea,Nay,Nay,Nay,Yea,Nay,Nay,Not Voting,Yea,Yea,Yea,Yea,Yea,Nay,Yea,Yea,Nay,Yea,Yea,Nay,Yea,Yea,Nay,Yea,Nay,Yea,Nay,Nay,Nay,Nay,Nay,Yea,Yea,Yea,Yea,Yea,Yea,Yea,Yea,Yea,Nay,Nay,Yea,Yea,Nay,Not Voting,Nay,Yea,Nay,Nay,Nay,Not Voting,Yea,Yea,Nay,Yea,Nay,Yea,Yea,Nay,Yea,Yea,Nay,Yea,Nay,Yea,Nay,Yea,Nay,Yea,Nay,Nay,Yea,Yea,Nay,Yea,Nay,Yea,Yea,Yea,Nay,Nay,Nay,Nay,Yea,Yea,Yea,Yea,Yea,Nay,Yea,Yea,Yea,Nay,Nay,Yea,Yea,Nay,Yea,Nay,Yea,Yea,Yea,Nay,Yea,Yea,Not Voting,Not Voting,Nay,Nay,Yea,Nay,Yea,Yea,Yea
S243,Yea,Nay,Yea,Yea,Yea,Yea,Nay,Nay,Yea,Yea,Yea,Yea,Nay,Nay,Yea,Yea,Yea,Yea,Nay,Yea,Nay,Nay,Nay,Nay,Yea,Nay,Nay,Yea,Yea,Yea,Nay,Nay,Nay,Nay,Nay,Nay,Yea,Nay,Yea,Yea,Yea,Yea,Nay,Nay,Yea,Nay,Nay,Nay,Nay,Not Voting,Nay,Nay,Nay,Nay,Yea,Nay,Nay,Nay,Nay,Not Voting,Not Voting,Not Voting,Nay,Nay,Nay,Yea,Yea,Nay,Nay,Nay,Nay,Nay,Nay,Nay,Nay,Yea,Yea,Nay,Nay,Nay,Yea,Yea,Nay,Nay,Nay,Yea,Nay,Yea,Yea,Nay,Yea,Yea,Nay,Yea,Nay,Nay,Nay,Nay,Yea,Nay,Yea,Nay,Nay,Nay,Nay,Nay,Nay,Nay,Yea,Yea,Yea,Yea,Yea,Nay,Yea,Nay,Nay,Yea,Yea,Nay,Nay,Nay,Nay,Yea,Nay,Yea,Yea,Yea,Yea,Nay,Nay,Yea,Yea,Yea,Nay,Yea,Yea,Yea,Yea,Yea,Nay,Yea,Yea,Yea,Nay,Yea,Nay,Yea,Nay,Nay,Nay,Nay,Yea,Yea,Nay,Yea,Nay,Yea,Yea,Nay,Yea,Yea,Nay,Yea,Nay,Nay,Nay,Yea,Yea,Yea,Nay,Nay,Yea,Yea,Nay,Yea,Nay,Yea,Yea,Yea,Yea,Nay,Nay,Yea,Yea,Yea,Yea,Yea,Yea,Nay,Yea,Yea,Yea,Nay,Nay,Yea,Yea,Nay,Nay,Nay,Yea,Yea,Yea,Nay,Yea,Yea,Yea,Nay,Nay,Yea,Nay,Nay,Yea,Nay,Yea
S245,Yea,Yea,Nay,Yea,Yea,Yea,Yea,Yea,Nay,Yea,Yea,Yea,Nay,Yea,Yea,Yea,Yea,Yea,Yea,Yea,Yea,Nay,Nay,Nay,Nay,Yea,Yea,Nay,Yea,Yea,Yea,Yea,Yea,Yea,Yea,Yea,Nay,Yea,Nay,Nay,Nay,Yea,Yea,Yea,Yea,Nay,Yea,Yea,Yea,Nay,Yea,Yea,Yea,Yea,Yea,Yea,Nay,Yea,Yea,Nay,Nay,Nay,Yea,Yea,Yea,Yea,Yea,Nay,Yea,Yea,Yea,Yea,Nay,Nay,Nay,Yea,Yea,Yea,Nay,Yea,Yea,Yea,Yea,Yea,Yea,Nay,Yea,Nay,Yea,Nay,Nay,Nay,Yea,Yea,Yea,Yea,Yea,Yea,Yea,Nay,Yea,Yea,Nay,Yea,Yea,Present,Yea,Nay,Yea,Nay,Yea,Yea,Yea,Yea,Yea,Yea,Yea,Yea,Yea,Yea,Yea,Yea,Yea,Yea,Yea,Yea,Yea,Yea,Yea,Yea,Yea,Yea,Yea,Nay,Nay,Yea,Yea,Yea,Yea,Nay,Yea,Yea,Yea,Yea,Nay,Yea,Yea,Yea,Nay,Nay,Yea,Yea,Yea,Nay,Yea,Yea,Nay,Yea,Yea,Yea,Yea,Yea,Yea,Nay,Yea,Nay,Yea,Nay,Yea,Yea,Yea,Yea,Yea,Yea,Nay,Nay,Nay,Nay,Nay,Nay,Yea,Yea,Nay,Yea,Nay,Yea,Nay,Yea,Nay,Yea,Yea,Nay,Yea,Yea,Yea,Nay,Nay,Yea,Yea,Yea,Yea,Yea,Yea,Yea,Yea,Nay,Yea,Yea,Yea,Nay,Yea,Yea,Nay,Nay,Yea
S247,Yea,Yea,Nay,Yea,Yea,Yea,Yea,Yea,Nay,Yea,Yea,Yea,Yea,Yea,Nay,Yea,Yea,Yea,Yea,Yea,Nay,Nay,Nay,Yea,Nay,Yea,Yea,Nay,Yea,Yea,Yea,Yea,Yea,Yea,Yea,Yea,Nay,Yea,Nay,Nay,Nay,Yea,Yea,Nay,Nay,Yea,Yea,Not Voting,Yea,Not Voting,Yea,Yea,Yea,Yea,Yea,Yea,Yea,Yea,Yea,Nay,Nay,Nay,Yea,Yea,Yea,Nay,Yea,Yea,Yea,Yea,Yea,Yea,Yea,Yea,Yea,Nay,Nay,Yea,Yea,Yea,Yea,Yea,Yea,Yea,Yea,Nay,Yea,Nay,Nay,Yea,Nay,Nay,Yea,Yea,Yea,Yea,Yea,Yea,Yea,Yea,Nay,Yea,Yea,Yea,Yea,Yea,Yea,Yea,Not Voting,Nay,Yea,Nay,Nay,Yea,Yea,Yea,Yea,Yea,Yea,Yea,Yea,Yea,Yea,Yea,Yea,Yea,Nay,Nay,Yea,Not Voting,Yea,Yea,Yea,Nay,Nay,Yea,Yea,Yea,Nay,Nay,Yea,Yea,Yea,Yea,Yea,Yea,Yea,Yea,Yea,Yea,Yea,Yea,Yea,Nay,Yea,Nay,Yea,Nay,Nay,Yea,Yea,Nay,Yea,Nay,Yea,Yea,Yea,Nay,Yea,Nay,Yea,Yea,Yea,Nay,Nay,Nay,Nay,Nay,Nay,Nay,Yea,Yea,Yea,Yea,Nay,Nay,Nay,Nay,Nay,Yea,Nay,Nay,Nay,Yea,Yea,Nay,Nay,Yea,Yea,Yea,Yea,Yea,Nay,Yea,Yea,Nay,Yea,Yea,Yea,Nay,Yea,Yea,Nay,Nay,Nay
S249,Yea,Yea,Yea,Yea,Yea,Yea,Nay,Yea,Yea,Yea,Yea,Yea,Nay,Nay,Yea,Yea,Yea,Yea,Yea,Yea,Nay,Nay,Nay,Nay,Nay,Nay,Nay,Yea,Yea,Yea,Nay,Nay,Yea,Nay,Nay,Yea,Yea,Nay,Yea,Yea,Yea,Yea,Nay,Nay,Yea,Nay,Yea,Yea,Nay,Not Voting,Yea,Nay,Nay,Nay,Yea,Nay,Nay,Nay,Yea,Not Voting,Not Voting,Not Voting,Not Voting,Nay,Nay,Yea,Yea,Nay,Nay,Yea,Yea,Yea,Nay,Nay,Nay,Yea,Yea,Nay,Nay,Yea,Yea,Yea,Yea,Yea,Yea,Nay,Nay,Nay,Yea,Nay,Nay,Yea,Yea,Yea,Nay,Yea,Yea,Nay,Yea,Nay,Yea,Nay,Nay,Nay,Yea,Yea,Nay,Nay,Not Voting,Yea,Yea,Yea,Yea,Nay,Yea,Yea,Nay,Yea,Yea,Nay,Yea,Yea,Nay,Yea,Nay,Yea,Nay,Nay,Yea,Yea,Nay,Yea,Yea,Yea,Yea,Yea,Yea,Yea,Yea,Yea,Yea,Yea,Yea,Yea,Nay,Yea,Nay,Yea,Nay,Nay,Nay,Yea,Yea,Yea,Nay,Yea,Nay,Yea,Yea,Nay,Yea,Yea,Nay,Yea,Yea,Yea,Nay,Yea,Yea,Yea,Nay,Not Voting,Yea,Yea,Nay,Yea,Nay,Yea,Yea,Yea,Yea,Nay,Nay,Yea,Yea,Yea,Yea,Yea,Nay,Nay,Yea,Yea,Yea,Nay,Nay,Yea,Yea,Yea,Yea,Nay,Yea,Yea,Yea,Nay,Yea,Yea,Yea,Yea,Yea,Nay,Yea,Yea,Yea,Yea,Yea
S250,Yea,Nay,Nay,Yea,Yea,Yea,Nay,Nay,Yea,Yea,Yea,Yea,Nay,Nay,Yea,Yea,Yea,Yea,Nay,Yea,Nay,Nay,Nay,Nay,Nay,Yea,Nay,Yea,Nay,Yea,Nay,Nay,Nay,Nay,Nay,Yea,Yea,Nay,Yea,Yea,Yea,Yea,Nay,Nay,Yea,Nay,Yea,Nay,Nay,Nay,Yea,Nay,Nay,Nay,Yea,Nay,Nay,Nay,Yea,Nay,Yea,Yea,Not Voting,Nay,Yea,Yea,Yea,Nay,Nay,Nay,Nay,Yea,Nay,Nay,Nay,Yea,Yea,Nay,Nay,Yea,Yea,Yea,Not Voting,Not Voting,Nay,Yea,Nay,Yea,Yea,Nay,Yea,Yea,Nay,Yea,Not Voting,Not Voting,Not Voting,Not Voting,Not Voting,Not Voting,Yea,Nay,Nay,Nay,Yea,Yea,Nay,Nay,Yea,Yea,Yea,Yea,Yea,Nay,Nay,Yea,Nay,Yea,Yea,Nay,Yea,Nay,Nay,Yea,Nay,Yea,Nay,Nay,Yea,Nay,Nay,Yea,Yea,Yea,Yea,Yea,Yea,Yea,Yea,Yea,Nay,Nay,Yea,Yea,Nay,Yea,Nay,Yea,Nay,Nay,Nay,Nay,Yea,Yea,Nay,Yea,Nay,Yea,Yea,Nay,Yea,Yea,Nay,Yea,Yea,Nay,Nay,Yea,Yea,Yea,Nay,Nay,Yea,Yea,Nay,Yea,Nay,Yea,Yea,Yea,Nay,Nay,Nay,Yea,Yea,Yea,Yea,Yea,Yea,Nay,Yea,Yea,Yea,Nay,Nay,Yea,Yea,Nay,Yea,Nay,Yea,Yea,Yea,Nay,Nay,Yea,Not Voting,Not Voting,Not Voting,Nay,Yea,Yea,Yea,Nay,Yea
S252,Yea,Yea,Nay,Yea,Yea,Yea,Yea,Yea,Yea,Yea,Yea,Yea,Nay,Yea,Yea,Yea,Yea,Yea,Nay,Yea,Nay,Nay,Nay,Nay,Nay,Yea,Nay,Nay,Yea,Yea,Yea,Yea,Nay,Nay,Yea,Nay,Yea,Yea,Nay,Nay,Nay,Yea,Yea,Yea,Yea,Nay,Nay,Yea,Yea,Nay,Nay,Yea,Yea,Nay,Yea,Yea,Nay,Yea,Nay,Nay,Nay,Nay,Yea,Yea,Yea,Yea,Yea,Nay,Yea,Yea,Yea,Yea,Nay,Nay,Nay,Yea,Yea,Yea,Nay,Yea,Yea,Yea,Yea,Yea,Yea,Nay,Yea,Nay,Yea,Nay,Nay,Nay,Yea,Yea,Yea,Yea,Yea,Yea,Yea,Nay,Yea,Yea,Yea,Yea,Yea,Yea,Yea,Nay,Yea,Nay,Yea,Yea,Yea,Yea,Yea,Yea,Yea,Yea,Yea,Yea,Yea,Yea,Yea,Yea,Yea,Yea,Yea,Yea,Yea,Yea,Yea,Yea,Yea,Nay,Nay,Yea,Yea,Yea,Yea,Nay,Yea,Yea,Yea,Yea,Nay,Yea,Yea,Yea,Nay,Nay,Nay,Yea,Yea,Yea,Yea,Yea,Nay,Yea,Yea,Yea,Yea,Yea,Yea,Nay,Yea,Yea,Yea,Nay,Yea,Yea,Yea,Yea,Yea,Yea,Nay,Yea,Yea,Nay,Nay,Nay,Yea,Yea,Nay,Yea,Nay,Yea,Nay,Yea,Nay,Yea,Yea,Yea,Yea,Yea,Yea,Nay,Yea,Yea,Yea,Yea,Yea,Yea,Yea,Yea,Yea,Nay,Yea,Yea,Yea,Nay,Yea,Yea,Yea,Nay,Yea
S253,Yea,Yea,Nay,Yea,Yea,Yea,Yea,Yea,Nay,Yea,Yea,Yea,Yea,Yea,Nay,Yea,Yea,Yea,Yea,Yea,Nay,Nay,Yea,Yea,Yea,Yea,Yea,Nay,Yea,Yea,Yea,Yea,Yea,Yea,Yea,Yea,Nay,Yea,Nay,Nay,Nay,Yea,Yea,Nay,Nay,Yea,Yea,Yea,Yea,Yea,Yea,Yea,Yea,Yea,Yea,Yea,Yea,Yea,Yea,Nay,Nay,Nay,Yea,Yea,Yea,Nay,Yea,Yea,Yea,Yea,Yea,Yea,Yea,Yea,Yea,Nay,Nay,Yea,Yea,Yea,Yea,Yea,Yea,Yea,Yea,Nay,Yea,Nay,Nay,Yea,Nay,Nay,Yea,Yea,Yea,Yea,Yea,Yea,Yea,Yea,Nay,Yea,Yea,Yea,Yea,Yea,Yea,Yea,Yea,Nay,Yea,Nay,Nay,Yea,Yea,Yea,Yea,Yea,Yea,Yea,Yea,Yea,Yea,Yea,Yea,Yea,Yea,Yea,Yea,Yea,Yea,Yea,Yea,Nay,Nay,Yea,Yea,Nay,Nay,Nay,Yea,Yea,Yea,Yea,Yea,Yea,Yea,Yea,Yea,Yea,Yea,Yea,Yea,Nay,Yea,Nay,Yea,Nay,Nay,Nay,Yea,Nay,Yea,Nay,Yea,Yea,Yea,Nay,Yea,Nay,Yea,Yea,Nay,Nay,Nay,Nay,Yea,Nay,Nay,Nay,Yea,Yea,Yea,Yea,Nay,Nay,Nay,Nay,Nay,Nay,Nay,Nay,Nay,Yea,Yea,Nay,Nay,Yea,Yea,Yea,Yea,Yea,Nay,Yea,Yea,Nay,Yea,Yea,Yea,Nay,Yea,Yea,Nay,Nay,Nay
S254,Yea,Nay,Nay,Yea,Yea,Yea,Nay,Nay,Yea,Yea,Yea,Yea,Nay,Nay,Yea,Yea,Yea,Yea,Nay,Yea,Nay,Nay,Nay,Nay,Nay,Nay,Nay,Yea,Yea,Yea,Nay,Nay,Nay,Nay,Nay,Yea,Yea,Nay,Yea,Yea,Yea,Yea,Nay,Nay,Yea,Nay,Yea,Nay,Nay,Nay,Yea,Nay,Nay,Nay,Yea,Nay,Nay,Nay,Yea,Yea,Yea,Nay,Nay,Nay,Nay,Yea,Yea,Nay,Nay,Nay,Yea,Nay,Nay,Nay,Nay,Yea,Yea,Nay,Nay,Nay,Yea,Yea,Nay,Yea,Nay,Nay,Nay,Yea,Yea,Nay,Yea,Yea,Yea,Yea,Nay,Nay,Nay,Nay,Yea,Nay,Yea,Nay,Nay,Nay,Yea,Yea,Nay,Nay,Yea,Yea,Yea,Yea,Yea,Nay,Yea,Yea,Nay,Yea,Yea,Nay,Yea,Yea,Nay,Yea,Nay,Yea,Nay,Nay,Nay,Nay,Nay,Yea,Yea,Yea,Yea,Yea,Yea,Yea,Yea,Yea,Nay,Yea,Nay,Nay,Nay,Not Voting,Nay,Yea,Nay,Nay,Nay,Nay,Yea,Yea,Nay,Yea,Nay,Yea,Yea,Nay,Yea,Yea,Nay,Yea,Yea,Nay,Nay,Yea,Yea,Yea,Nay,Yea,Yea,Yea,Nay,Yea,Nay,Yea,Yea,Yea,Yea,Nay,Nay,Yea,Yea,Yea,Nay,Yea,Yea,Nay,Yea,Yea,Yea,Nay,Nay,Yea,Yea,Nay,Nay,Nay,Yea,Yea,Yea,Nay,Yea,Yea,Not Voting,Not Voting,Yea,Nay,Yea,Nay,Yea,Yea,Yea
S255,Yea,Nay,Nay,Yea,Yea,Yea,Not Voting,Not Voting,Not Voting,Not Voting,Not Voting,Yea,Nay,Not Voting,Nay,Yea,Yea,Not Voting,Not Voting,Not Voting,Not Voting,Not Voting,Not Voting,Nay,Not Voting,Yea,Nay,Yea,Yea,Yea,Yea,Yea,Nay,Nay,Yea,Nay,Yea,Nay,Yea,Yea,Yea,Yea,Yea,Yea,Yea,Nay,Nay,Yea,Nay,Not Voting,Nay,Nay,Nay,Nay,Yea,Nay,Nay,Nay,Nay,Nay,Nay,Nay,Yea,Yea,Yea,Yea,Yea,Nay,Nay,Yea,Yea,Yea,Nay,Nay,Nay,Yea,Yea,Nay,Nay,Yea,Yea,Yea,Not Voting,Not Voting,Yea,Nay,Nay,Nay,Nay,Nay,Nay,Nay,Yea,Not Voting,Nay,Yea,Yea,Nay,Not Voting,Not Voting,Yea,Nay,Yea,Nay,Not Voting,Not Voting,Not Voting,Not Voting,Yea,Yea,Yea,Yea,Yea,Yea,Yea,Yea,Nay,Yea,Yea,Nay,Yea,Yea,Yea,Yea,Yea,Yea,Yea,Yea,Yea,Not Voting,Yea,Yea,Yea,Nay,Nay,Yea,Yea,Yea,Yea,Yea,Nay,Yea,Nay,Nay,Nay,Yea,Yea,Yea,Nay,Nay,Not Voting,Not Voting,Yea,Yea,Nay,Yea,Nay,Yea,Yea,Nay,Nay,Yea,Nay,Yea,Yea,Nay,Nay,Yea,Yea,Yea,Nay,Yea,Yea,Yea,Nay,Yea,Nay,Yea,Not Voting,Not Voting,Not Voting,Yea,Nay,Yea,Yea,Nay,Nay,Yea,Nay,Nay,Yea,Yea,Nay,Nay,Nay,Yea,Yea,Yea,Yea,Nay,Yea,Yea,Yea,Nay,Nay,Yea,Yea,Yea,Yea,Nay,Yea,Nay,Nay,Nay,Nay
S257,Yea,Yea,Nay,Yea,Yea,Yea,Yea,Yea,Nay,Yea,Yea,Yea,Nay,Yea,Nay,Yea,Yea,Yea,Yea,Yea,Nay,Nay,Nay,Nay,Nay,Yea,Yea,Nay,Yea,Yea,Yea,Yea,Yea,Yea,Yea,Yea,Nay,Nay,Nay,Nay,Nay,Yea,Yea,Yea,Yea,Nay,Yea,Yea,Yea,Yea,Yea,Nay,Yea,Yea,Yea,Yea,Nay,Yea,Yea,Nay,Nay,Nay,Yea,Yea,Yea,Yea,Yea,Nay,Yea,Yea,Yea,Yea,Nay,Nay,Yea,Yea,Yea,Yea,Nay,Yea,Yea,Yea,Yea,Yea,Yea,Nay,Yea,Nay,Nay,Nay,Nay,Nay,Yea,Yea,Yea,Yea,Yea,Yea,Yea,Yea,Yea,Yea,Yea,Yea,Yea,Yea,Yea,Yea,Yea,Nay,Yea,Yea,Yea,Yea,Yea,Yea,Yea,Yea,Yea,Yea,Yea,Yea,Yea,Yea,Yea,Yea,Nay,Nay,Yea,Yea,Yea,Yea,Yea,Nay,Nay,Yea,Yea,Yea,Nay,Yea,Nay,Yea,Nay,Yea,Yea,Yea,Yea,Yea,Yea,Yea,Yea,Yea,Yea,Nay,Yea,Nay,Yea,Nay,Nay,Yea,Yea,Nay,Yea,Nay,Yea,Yea,Yea,Yea,Yea,Nay,Yea,Yea,Nay,Nay,Nay,Nay,Yea,Nay,Nay,Yea,Yea,Yea,Yea,Yea,Yea,Nay,Nay,Nay,Nay,Nay,Nay,Nay,Nay,Yea,Yea,Nay,Nay,Yea,Yea,Yea,Yea,Yea,Yea,Yea,Yea,Nay,Yea,Yea,Yea,Nay,Yea,Yea,Nay,Nay,Nay
S258,Yea,Yea,Nay,Yea,Yea,Yea,Yea,Yea,Nay,Yea,Not Voting,Not Voting,Nay,Yea,Nay,Yea,Yea,Yea,Not Voting,Not Voting,Yea,Yea,Yea,Nay,Yea,Yea,Yea,Yea,Yea,Nay,Yea,Yea,Yea,Yea,Yea,Yea,Nay,Yea,Nay,Yea,Nay,Yea,Yea,Yea,Yea,Nay,Yea,Not Voting,Yea,Not Voting,Yea,Nay,Nay,Yea,Yea,Not Voting,Nay,Yea,Yea,Nay,Nay,Nay,Yea,Yea,Yea,Yea,Yea,Nay,Yea,Yea,Yea,Yea,Nay,Nay,Nay,Yea,Yea,Yea,Nay,Yea,Yea,Yea,Not Voting,Not Voting,Yea,Nay,Yea,Nay,Nay,Nay,Nay,Nay,Yea,Yea,Yea,Yea,Yea,Yea,Yea,Yea,Yea,Yea,Yea,Yea,Yea,Yea,Yea,Yea,Not Voting,Yea,Yea,Yea,Yea,Yea,Yea,Yea,Yea,Yea,Yea,Yea,Nay,Yea,Not Voting,Yea,Yea,Yea,Nay,Nay,Yea,Yea,Yea,Yea,Yea,Nay,Nay,Yea,Not Voting,Not Voting,Yea,Yea,Yea,Yea,Nay,Yea,Yea,Yea,Yea,Yea,Yea,Yea,Yea,Yea,Yea,Nay,Yea,Nay,Yea,Nay,Nay,Yea,Yea,Yea,Yea,Nay,Yea,Yea,Nay,Yea,Yea,Yea,Yea,Yea,Yea,Nay,Nay,Nay,Yea,Nay,Nay,Yea,Yea,Nay,Yea,Yea,Yea,Nay,Nay,Nay,Nay,Yea,Nay,Nay,Yea,Yea,Yea,Nay,Nay,Yea,Yea,Yea,Yea,Yea,Yea,Yea,Yea,Nay,Yea,Yea,Yea,Nay,Yea,Yea,Nay,Nay,Nay
S259,Yea,Yea,Nay,Yea,Yea,Yea,Yea,Yea,Nay,Yea,Yea,Yea,Yea,Yea,Nay,Yea,Yea,Yea,Yea,Yea,Nay,Nay,Nay,Yea,Nay,Yea,Nay,Nay,Yea,Yea,Yea,Yea,Yea,Yea,Yea,Nay,Nay,Yea,Nay,Nay,Nay,Yea,Yea,Yea,Nay,Yea,Nay,Yea,Yea,Yea,Nay,Yea,Yea,Yea,Yea,Yea,Yea,Yea,Nay,Nay,Nay,Nay,Yea,Yea,Yea,Yea,Yea,Yea,Yea,Yea,Yea,Yea,Yea,Yea,Yea,Nay,Nay,Yea,Yea,Yea,Yea,Yea,Yea,Yea,Yea,Nay,Yea,Nay,Nay,Yea,Nay,Nay,Yea,Not Voting,Yea,Yea,Yea,Yea,Yea,Yea,Nay,Yea,Yea,Yea,Yea,Yea,Yea,Yea,Yea,Nay,Yea,Nay,Nay,Yea,Yea,Yea,Yea,Yea,Yea,Yea,Yea,Yea,Yea,Yea,Yea,Nay,Yea,Yea,Yea,Yea,Yea,Yea,Yea,Nay,Nay,Yea,Yea,Nay,Nay,Nay,Yea,Yea,Nay,Yea,Yea,Yea,Yea,Yea,Yea,Yea,Yea,Yea,Yea,Nay,Yea,Nay,Yea,Nay,Nay,Nay,Yea,Nay,Yea,Nay,Yea,Yea,Yea,Nay,Yea,Nay,Yea,Yea,Nay,Nay,Nay,Nay,Yea,Nay,Nay,Nay,Yea,Yea,Yea,Yea,Nay,Nay,Nay,Nay,Nay,Nay,Nay,Nay,Nay,Yea,Yea,Nay,Nay,Yea,Yea,Yea,Yea,Yea,Nay,Yea,Yea,Nay,Yea,Yea,Yea,Nay,Yea,Yea,Nay,Nay,Nay
S260,Yea,Yea,Nay,Yea,Yea,Yea,Yea,Yea,Yea,Yea,Yea,Yea,Nay,Nay,Yea,Yea,Yea,Yea,Yea,Yea,Nay,Nay,Nay,Nay,Nay,Yea,Nay,Yea,Yea,Yea,Nay,Nay,Yea,Nay,Nay,Yea,Yea,Nay,Nay,Yea,Yea,Yea,Yea,Nay,Yea,Nay,Yea,Yea,Nay,Not Voting,Yea,Nay,Nay,Nay,Yea,Yea,Nay,Nay,Yea,Not Voting,Not Voting,Not Voting,Yea,Nay,Yea,Yea,Yea,Nay,Yea,Yea,Yea,Yea,Nay,Nay,Nay,Yea,Yea,Yea,Nay,Yea,Yea,Yea,Yea,Yea,Yea,Nay,Yea,Yea,Yea,Nay,Nay,Yea,Yea,Yea,Nay,Yea,Yea,Nay,Yea,Nay,Yea,Nay,Nay,Nay,Yea,Yea,Nay,Nay,Yea,Yea,Yea,Yea,Yea,Yea,Yea,Yea,Nay,Yea,Yea,Nay,Yea,Yea,Yea,Yea,Yea,Yea,Nay,Nay,Yea,Nay,Nay,Yea,Yea,Nay,Nay,Yea,Yea,Yea,Yea,Yea,Yea,Yea,Yea,Yea,Nay,Yea,Nay,Yea,Nay,Nay,Nay,Yea,Yea,Yea,Nay,Yea,Nay,Yea,Yea,Nay,Yea,Yea,Nay,Yea,Yea,Nay,Nay,Yea,Yea,Yea,Nay,Yea,Yea,Yea,Nay,Yea,Nay,Yea,Nay,Yea,Yea,Nay,Nay,Yea,Yea,Yea,Nay,Yea,Nay,Nay,Yea,Yea,Yea,Nay,Nay,Yea,Yea,Yea,Yea,Nay,Yea,Yea,Yea,Nay,Yea,Yea,Yea,Yea,Yea,Nay,Yea,Yea,Nay,Yea,Yea
S261,Yea,Nay,Yea,Yea,Yea,Yea,Nay,Nay,Yea,Yea,Yea,Yea,Nay,Nay,Yea,Yea,Yea,Yea,Nay,Yea,Nay,Nay,Nay,Nay,Nay,Yea,Yea,Yea,Yea,Yea,Nay,Nay,Nay,Nay,Nay,Yea,Yea,Nay,Yea,Yea,Yea,Yea,Nay,Nay,Yea,Nay,Yea,Nay,Nay,Nay,Yea,Nay,Nay,Nay,Yea,Nay,Nay,Nay,Yea,Nay,Yea,Nay,Yea,Yea,Yea,Yea,Yea,Nay,Nay,Nay,Yea,Yea,Nay,Nay,Nay,Yea,Not Voting,Nay,Nay,Yea,Yea,Yea,Yea,Nay,Nay,Nay,Nay,Yea,Yea,Nay,Yea,Yea,Nay,Yea,Nay,Yea,Yea,Nay,Yea,Nay,Yea,Nay,Nay,Nay,Yea,Nay,Nay,Nay,Yea,Nay,Yea,Yea,Yea,Nay,Yea,Yea,Nay,Yea,Yea,Nay,Nay,Nay,Nay,Yea,Nay,Yea,Nay,Nay,Yea,Nay,Nay,Yea,Yea,Yea,Yea,Yea,Yea,Yea,Yea,Yea,Nay,Nay,Yea,Yea,Nay,Yea,Nay,Yea,Nay,Nay,Nay,Yea,Yea,Yea,Nay,Yea,Nay,Yea,Yea,Nay,Yea,Yea,Nay,Yea,Yea,Nay,Nay,Yea,Yea,Yea,Nay,Yea,Yea,Yea,Nay,Yea,Nay,Yea,Yea,Yea,Nay,Nay,Nay,Yea,Yea,Yea,Yea,Yea,Yea,Nay,Yea,Yea,Yea,Nay,Nay,Yea,Yea,Nay,Yea,Nay,Yea,Yea,Yea,Nay,Yea,Yea,Yea,Yea,Yea,Yea,Nay,Yea,Yea,Nay,Yea
S262,Yea,Yea,Nay,Yea,Yea,Yea,Yea,Yea,Yea,Yea,Yea,Yea,Nay,Yea,Yea,Yea,Yea,Yea,Nay,Yea,Nay,Nay,Nay,Nay,Nay,Yea,Yea,Nay,Yea,Yea,Yea,Nay,Yea,Yea,Yea,Yea,Yea,Yea,Nay,Nay,Yea,Yea,Yea,Yea,Nay,Nay,Yea,Yea,Nay,Not Voting,Yea,Yea,Yea,Yea,Yea,Yea,Nay,Yea,Yea,Nay,Nay,Nay,Yea,Yea,Yea,Yea,Yea,Nay,Yea,Yea,Yea,Yea,Nay,Nay,Nay,Yea,Yea,Yea,Nay,Yea,Yea,Yea,Yea,Yea,Nay,Nay,Yea,Nay,Yea,Nay,Nay,Nay,Yea,Yea,Nay,Yea,Yea,Yea,Yea,Yea,Yea,Yea,Yea,Yea,Yea,Yea,Yea,Nay,Yea,Nay,Yea,Yea,Yea,Yea,Yea,Yea,Yea,Yea,Yea,Yea,Yea,Yea,Yea,Yea,Yea,Yea,Yea,Yea,Yea,Not Voting,Yea,Yea,Yea,Nay,Nay,Yea,Yea,Yea,Yea,Yea,Yea,Yea,Yea,Yea,Yea,Yea,Yea,Yea,Yea,Nay,Yea,Yea,Yea,Yea,Nay,Yea,Nay,Yea,Yea,Nay,Yea,Yea,Nay,Yea,Yea,Yea,Yea,Nay,Yea,Yea,Nay,Yea,Yea,Yea,Nay,Nay,Nay,Nay,Nay,Yea,Yea,Nay,Nay,Yea,Yea,Yea,Yea,Yea,Nay,Nay,Yea,Yea,Yea,Yea,Yea,Yea,Yea,Yea,Yea,Nay,Yea,Yea,Yea,Yea,Yea,Yea,Yea,Yea,Yea,Nay,Yea,Yea,Nay,Nay,Nay
S264,Yea,Yea,Nay,Yea,Yea,Yea,Nay,Yea,Yea,Yea,Yea,Yea,Nay,Yea,Yea,Yea,Yea,Yea,Not Voting,Not Voting,Nay,Nay,Nay,Yea,Nay,Yea,Yea,Nay,Yea,Yea,Yea,Yea,Yea,Nay,Yea,Yea,Nay,Yea,Nay,Nay,Yea,Yea,Yea,Yea,Yea,Nay,Yea,Yea,Nay,Not Voting,Yea,Yea,Yea,Yea,Yea,Yea,Nay,Yea,Yea,Nay,Nay,Nay,Yea,Yea,Yea,Yea,Yea,Nay,Yea,Yea,Yea,Yea,Nay,Nay,Nay,Yea,Yea,Yea,Nay,Yea,Yea,Yea,Yea,Yea,Yea,Nay,Yea,Not Voting,Not Voting,Yea,Not Voting,Not Voting,Yea,Yea,Yea,Yea,Yea,Yea,Yea,Yea,Yea,Yea,Yea,Yea,Yea,Yea,Yea,Yea,Yea,Yea,Yea,Yea,Yea,Yea,Yea,Yea,Yea,Yea,Yea,Nay,Not Voting,Yea,Yea,Yea,Yea,Yea,Yea,Yea,Yea,Yea,Yea,Yea,Yea,Nay,Nay,Yea,Yea,Yea,Nay,Yea,Nay,Yea,Nay,Yea,Yea,Yea,Yea,Yea,Yea,Yea,Yea,Yea,Yea,Nay,Yea,Yea,Nay,Yea,Yea,Yea,Yea,Nay,Yea,Nay,Yea,Yea,Yea,Nay,Yea,Yea,Yea,Not Voting,Yea,Yea,Nay,Nay,Yea,Nay,Nay,Yea,Yea,Yea,Yea,Yea,Nay,Yea,Nay,Yea,Yea,Yea,Nay,Yea,Yea,Yea,Yea,Nay,Nay,Yea,Yea,Nay,Yea,Yea,Nay,Yea,Yea,Yea,Yea,Yea,Yea,Nay,Yea,Yea,Yea,Nay,Nay
S265,Yea,Yea,Nay,Yea,Not Voting,Yea,Yea,Yea,Yea,Yea,Yea,Yea,Nay,Nay,Yea,Yea,Yea,Yea,Nay,Yea,Nay,Nay,Nay,Nay,Nay,Yea,Nay,Yea,Yea,Yea,Nay,Nay,Nay,Nay,Nay,Yea,Yea,Nay,Yea,Yea,Yea,Yea,Nay,Nay,Yea,Nay,Yea,Nay,Nay,Not Voting,Yea,Nay,Nay,Nay,Yea,Nay,Nay,Nay,Yea,Yea,Yea,Yea,Nay,Nay,Nay,Yea,Yea,Nay,Nay,Yea,Yea,Nay,Nay,Nay,Nay,Yea,Yea,Nay,Nay,Nay,Yea,Yea,Not Voting,Not Voting,Nay,Yea,Nay,Yea,Yea,Nay,Yea,Yea,Nay,Yea,Nay,Nay,Not Voting,Not Voting,Yea,Nay,Yea,Nay,Nay,Nay,Yea,Yea,Not Voting,Not Voting,Yea,Yea,Nay,Yea,Yea,Nay,Yea,Yea,Nay,Yea,Yea,Nay,Nay,Nay,Nay,Yea,Nay,Yea,Nay,Nay,Yea,Nay,Nay,Yea,Yea,Yea,Nay,Yea,Yea,Yea,Yea,Yea,Nay,Yea,Yea,Yea,Nay,Yea,Nay,Yea,Nay,Nay,Nay,Nay,Yea,Yea,Nay,Yea,Nay,Yea,Yea,Nay,Yea,Yea,Nay,Yea,Yea,Nay,Nay,Yea,Yea,Yea,Nay,Yea,Yea,Yea,Nay,Yea,Nay,Yea,Yea,Yea,Nay,Nay,Nay,Yea,Yea,Nay,Nay,Yea,Nay,Nay,Yea,Yea,Yea,Nay,Nay,Yea,Yea,Nay,Nay,Nay,Nay,Yea,Yea,Not Voting,Yea,Not Voting,Not Voting,Not Voting,Nay,Yea,Nay,Nay,Nay,Nay,Nay
S266,Yea,Nay,Nay,Yea,Yea,Yea,Yea,Nay,Yea,Yea,Yea,Yea,Nay,Nay,Yea,Yea,Yea,Yea,Nay,Yea,Nay,Nay,Yea,Nay,Nay,Nay,Nay,Yea,Yea,Yea,Nay,Nay,Yea,Yea,Nay,Yea,Yea,Nay,Yea,Yea,Yea,Yea,Yea,Nay,Yea,Nay,Yea,Yea,Nay,Not Voting,Yea,Nay,Nay,Nay,Yea,Nay,Nay,Nay,Yea,Nay,Yea,Nay,Nay,Yea,Nay,Yea,Yea,Nay,Nay,Nay,Yea,Nay,Nay,Nay,Nay,Yea,Yea,Nay,Nay,Nay,Yea,Yea,Nay,Yea,Nay,Yea,Nay,Yea,Yea,Nay,Yea,Yea,Nay,Yea,Nay,Yea,Yea,Nay,Yea,Nay,Yea,Nay,Nay,Nay,Yea,Yea,Nay,Nay,Yea,Yea,Yea,Yea,Yea,Nay,Yea,Nay,Nay,Yea,Yea,Nay,Yea,Nay,Yea,Yea,Yea,Yea,Nay,Nay,Yea,Nay,Nay,Yea,Yea,Nay,Nay,Yea,Yea,Yea,Yea,Yea,Yea,Yea,Yea,Yea,Nay,Yea,Nay,Yea,Nay,Nay,Nay,Yea,Yea,Yea,Nay,Yea,Nay,Yea,Yea,Nay,Yea,Yea,Nay,Yea,Yea,Yea,Nay,Yea,Yea,Yea,Nay,Yea,Yea,Yea,Nay,Yea,Nay,Yea,Yea,Yea,Yea,Nay,Nay,Yea,Yea,Yea,Yea,Yea,Nay,Nay,Yea,Yea,Yea,Nay,Nay,Yea,Yea,Nay,Nay,Nay,Yea,Yea,Yea,Not Voting,Yea,Not Voting,Yea,Yea,Yea,Nay,Yea,Nay,Nay,Nay,Nay
S269,Yea,Yea,Nay,Yea,Yea,Yea,Yea,Yea,Nay,Yea,Yea,Yea,Yea,Yea,Nay,Yea,Yea,Yea,Yea,Yea,Yea,Yea,Yea,Nay,Yea,Nay,Yea,Nay,Yea,Nay,Yea,Yea,Yea,Yea,Yea,Yea,Nay,Yea,Nay,Nay,Nay,Yea,Yea,Yea,Yea,Nay,Yea,Yea,Yea,Yea,Yea,Yea,Yea,Yea,Yea,Yea,Nay,Yea,Yea,Nay,Nay,Nay,Yea,Yea,Yea,Yea,Yea,Nay,Yea,Yea,Yea,Yea,Nay,Nay,Yea,Yea,Yea,Yea,Nay,Yea,Yea,Yea,Yea,Yea,Yea,Nay,Yea,Nay,Nay,Yea,Nay,Nay,Yea,Yea,Yea,Yea,Yea,Yea,Yea,Yea,Yea,Yea,Yea,Yea,Yea,Yea,Yea,Yea,Yea,Nay,Yea,Nay,Yea,Yea,Yea,Yea,Yea,Yea,Yea,Yea,Yea,Yea,Yea,Yea,Yea,Yea,Yea,Yea,Not Voting,Nay,Yea,Yea,Yea,Nay,Nay,Yea,Yea,Yea,Yea,Nay,Yea,Yea,Nay,Yea,Yea,Yea,Yea,Yea,Yea,Yea,Yea,Yea,Yea,Nay,Yea,Nay,Yea,Nay,Nay,Yea,Yea,Yea,Yea,Nay,Yea,Yea,Yea,Nay,Yea,Yea,Yea,Yea,Yea,Yea,Not Voting,Nay,Nay,Nay,Nay,Nay,Yea,Yea,Yea,Yea,Nay,Nay,Nay,Nay,Nay,Yea,Yea,Nay,Nay,Yea,Yea,Nay,Nay,Yea,Yea,Yea,Yea,Yea,Yea,Yea,Yea,Nay,Yea,Yea,Yea,Nay,Yea,Yea,Nay,Nay,Nay
S270,Yea,Yea,Nay,Yea,Yea,Yea,Yea,Yea,Nay,Yea,Yea,Yea,Yea,Yea,Nay,Yea,Yea,Yea,Yea,Yea,Yea,Yea,Yea,Yea,Nay,Yea,Yea,Nay,Yea,Yea,Yea,Yea,Yea,Yea,Yea,Yea,Nay,Yea,Nay,Nay,Nay,Yea,Yea,Nay,Nay,Yea,Yea,Yea,Yea,Yea,Yea,Yea,Yea,Yea,Yea,Yea,Yea,Yea,Yea,Nay,Nay,Nay,Yea,Yea,Yea,Nay,Yea,Yea,Yea,Yea,Yea,Yea,Yea,Yea,Yea,Nay,Nay,Yea,Yea,Yea,Yea,Yea,Yea,Yea,Yea,Nay,Yea,Nay,Nay,Yea,Nay,Nay,Yea,Yea,Yea,Yea,Yea,Yea,Yea,Yea,Nay,Yea,Yea,Yea,Yea,Yea,Yea,Yea,Yea,Nay,Yea,Nay,Nay,Yea,Yea,Yea,Yea,Yea,Yea,Yea,Yea,Yea,Yea,Yea,Yea,Yea,Yea,Yea,Yea,Yea,Yea,Yea,Yea,Nay,Nay,Yea,Yea,Nay,Nay,Nay,Yea,Yea,Yea,Yea,Yea,Yea,Yea,Yea,Yea,Yea,Yea,Yea,Yea,Nay,Yea,Nay,Yea,Nay,Nay,Nay,Yea,Nay,Yea,Nay,Yea,Yea,Yea,Nay,Yea,Nay,Yea,Not Voting,Nay,Nay,Nay,Nay,Yea,Nay,Nay,Nay,Yea,Yea,Yea,Yea,Nay,Nay,Nay,Nay,Nay,Nay,Nay,Nay,Nay,Yea,Yea,Nay,Nay,Yea,Yea,Yea,Yea,Yea,Nay,Yea,Yea,Nay,Yea,Yea,Yea,Nay,Yea,Yea,Nay,Nay,Nay
S271,Yea,Yea,Nay,Yea,Yea,Yea,Yea,Yea,Nay,Yea,Yea,Yea,Nay,Nay,Nay,Yea,Yea,Yea,Nay,Yea,Nay,Nay,Nay,Nay,Nay,Nay,Yea,Yea,Yea,Yea,Yea,Yea,Nay,Nay,Yea,Nay,Nay,Nay,Yea,Yea,Yea,Yea,Nay,Yea,Yea,Nay,Nay,Yea,Nay,Nay,Nay,Nay,Nay,Nay,Yea,Nay,Nay,Nay,Nay,Nay,Nay,Nay,Yea,Yea,Yea,Yea,Yea,Nay,Yea,Nay,Nay,Yea,Nay,Nay,Nay,Yea,Yea,Yea,Nay,Yea,Yea,Yea,Yea,Yea,Yea,Nay,Yea,Yea,Yea,Nay,Nay,Nay,Yea,Yea,Nay,Yea,Yea,Nay,Not Voting,Nay,Yea,Nay,Nay,Nay,Yea,Yea,Nay,Nay,Yea,Yea,Nay,Yea,Yea,Nay,Yea,Yea,Yea,Nay,Yea,Nay,Yea,Yea,Nay,Yea,Nay,Yea,Yea,Yea,Yea,Yea,Nay,Yea,Yea,Nay,Nay,Yea,Yea,Yea,Yea,Yea,Yea,Yea,Yea,Yea,Nay,Yea,Nay,Yea,Nay,Nay,Nay,Yea,Yea,Nay,Yea,Nay,Nay,Yea,Nay,Yea,Yea,Nay,Yea,Yea,Yea,Nay,Nay,Yea,Yea,Yea,Nay,Yea,Yea,Yea,Nay,Yea,Nay,Nay,Nay,Yea,Yea,Yea,Nay,Yea,Yea,Yea,Nay,Nay,Nay,Nay,Nay,Nay,Nay,Nay,Nay,Yea,Yea,Yea,Yea,Nay,Yea,Yea,Yea,Yea,Yea,Nay,Yea,Yea,Yea,Yea,Nay,Yea,Nay,Nay,Nay
S275,Yea,Yea,Nay,Yea,Yea,Yea,Yea,Yea,Nay,Yea,Yea,Yea,Yea,Yea,Nay,Yea,Yea,Yea,Yea,Yea,Nay,Yea,Yea,Yea,Yea,Yea,Yea,Nay,Yea,Yea,Yea,Yea,Yea,Yea,Yea,Yea,Nay,Yea,Nay,Nay,Yea,Yea,Yea,Yea,Nay,Yea,Yea,Yea,Yea,Yea,Yea,Yea,Yea,Yea,Yea,Yea,Yea,Yea,Yea,Nay,Nay,Nay,Yea,Yea,Yea,Nay,Yea,Yea,Yea,Yea,Yea,Yea,Yea,Yea,Yea,Nay,Nay,Yea,Yea,Yea,Yea,Yea,Yea,Yea,Yea,Nay,Yea,Nay,Nay,Yea,Nay,Nay,Yea,Yea,Yea,Yea,Yea,Yea,Yea,Yea,Nay,Yea,Yea,Yea,Yea,Yea,Yea,Yea,Yea,Nay,Yea,Nay,Nay,Yea,Yea,Yea,Yea,Yea,Yea,Yea,Yea,Yea,Yea,Yea,Yea,Yea,Nay,Nay,Yea,Yea,Yea,Yea,Yea,Nay,Nay,Yea,Yea,Yea,Nay,Nay,Yea,Yea,Yea,Yea,Yea,Yea,Yea,Yea,Yea,Yea,Yea,Yea,Yea,Nay,Yea,Nay,Yea,Nay,Nay,Yea,Yea,Nay,Yea,Nay,Yea,Yea,Yea,Nay,Yea,Nay,Yea,Yea,Nay,Yea,Nay,Nay,Nay,Nay,Nay,Nay,Yea,Yea,Yea,Not Voting,Nay,Nay,Nay,Nay,Nay,Nay,Nay,Nay,Nay,Yea,Yea,Nay,Nay,Yea,Yea,Yea,Yea,Yea,Nay,Yea,Yea,Nay,Yea,Yea,Yea,Nay,Yea,Yea,Nay,Nay,Nay
S277,Yea,Yea,Nay,Yea,Yea,Yea,Yea,Yea,Nay,Yea,Yea,Yea,Nay,Yea,Nay,Yea,Yea,Yea,Yea,Yea,Nay,Nay,Nay,Yea,Nay,Yea,Nay,Nay,Yea,Yea,Yea,Yea,Yea,Nay,Yea,Yea,Nay,Yea,Nay,Nay,Nay,Yea,Yea,Yea,Yea,Nay,Yea,Yea,Yea,Not Voting,Yea,Yea,Yea,Yea,Yea,Yea,Nay,Yea,Yea,Nay,Nay,Nay,Yea,Yea,Yea,Yea,Yea,Nay,Yea,Yea,Yea,Yea,Nay,Nay,Nay,Yea,Yea,Yea,Nay,Yea,Yea,Yea,Yea,Yea,Yea,Nay,Yea,Nay,Nay,Nay,Nay,Nay,Yea,Yea,Yea,Yea,Not Voting,Yea,Yea,Yea,Yea,Yea,Yea,Yea,Yea,Yea,Yea,Yea,Yea,Nay,Yea,Yea,Yea,Yea,Yea,Yea,Yea,Nay,Nay,Yea,Yea,Yea,Yea,Yea,Yea,Yea,Yea,Yea,Yea,Yea,Yea,Yea,Yea,Nay,Nay,Yea,Yea,Yea,Nay,Nay,Nay,Yea,Nay,Yea,Yea,Yea,Yea,Yea,Yea,Yea,Yea,Yea,Yea,Nay,Yea,Nay,Yea,Nay,Nay,Nay,Yea,Nay,Yea,Nay,Nay,Nay,Yea,Nay,Yea,Nay,Yea,Yea,Yea,Nay,Nay,Yea,Nay,Nay,Nay,Nay,Yea,Yea,Yea,Yea,Nay,Nay,Nay,Nay,Nay,Nay,Nay,Nay,Nay,Yea,Yea,Nay,Nay,Yea,Nay,Yea,Yea,Yea,Yea,Yea,Yea,Nay,Yea,Yea,Yea,Nay,Nay,Yea,Nay,Nay,Nay
S278,Not Voting,Not Voting,Not Voting,Not Voting,Not Voting,Not Voting,Not Voting,Not Voting,Not Voting,Not Voting,Not Voting,Not Voting,Not Voting,Yea,Nay,Yea,Not Voting,Not Voting,Not Voting,Not Voting,Not Voting,Not Voting,Not Voting,Not Voting,Not Voting,Not Voting,Not Voting,Nay,Yea,Yea,Yea,Not Voting,Not Voting,Not Voting,Not Voting,Not Voting,Not Voting,Not Voting,Not Voting,Not Voting,Not Voting,Not Voting,Yea,Nay,Nay,Not Voting,Yea,Not Voting,Not Voting,Not Voting,Not Voting,Not Voting,Not Voting,Not Voting,Not Voting,Not Voting,Not Voting,Not Voting,Not Voting,Not Voting,Not Voting,Not Voting,Not Voting,Yea,Not Voting,Not Voting,Yea,Not Voting,Yea,Yea,Yea,Yea,Yea,Yea,Yea,Nay,Nay,Yea,Not Voting,Not Voting,Yea,Yea,Yea,Yea,Yea,Nay,Yea,Nay,Nay,Not Voting,Nay,Nay,Yea,Yea,Yea,Yea,Yea,Yea,Yea,Yea,Not Voting,Yea,Yea,Yea,Not Voting,Not Voting,Not Voting,Not Voting,Not Voting,Nay,Yea,Not Voting,Not Voting,Yea,Yea,Yea,Yea,Yea,Yea,Yea,Yea,Not Voting,Yea,Not Voting,Yea,Yea,Yea,Yea,Yea,Yea,Not Voting,Not Voting,Not Voting,Not Voting,Not Voting,Not Voting,Not Voting,Not Voting,Nay,Not Voting,Not Voting,Not Voting,Not Voting,Not Voting,Not Voting,Not Voting,Not Voting,Not Voting,Not Voting,Yea,Not Voting,Not Voting,Yea,Nay,Yea,Nay,Yea,Nay,Nay,Yea,Not Voting,Nay,Yea,Nay,Yea,Yea,Yea,Nay,Yea,Nay,Yea,Not Voting,Nay,Nay,Nay,Nay,Yea,Nay,Nay,Nay,Yea,Yea,Not Voting,Yea,Nay,Nay,Nay,Nay,Yea,Nay,Nay,Nay,Nay,Yea,Yea,Nay,Nay,Yea,Yea,Yea,Not Voting,Not Voting,Not Voting,Not Voting,Not Voting,Not Voting,Not Voting,Not Voting,Yea,Not Voting,Not Voting,Not Voting,Not Voting,Not Voting,Not Voting
S281,Yea,Nay,Yea,Yea,Yea,Yea,Yea,Nay,Yea,Yea,Yea,Yea,Nay,Nay,Yea,Yea,Yea,Yea,Nay,Yea,Nay,Nay,Nay,Nay,Nay,Nay,Not Voting,Yea,Yea,Yea,Nay,Nay,Nay,Nay,Nay,Nay,Yea,Nay,Yea,Yea,Yea,Yea,Nay,Nay,Yea,Nay,Nay,Yea,Nay,Not Voting,Nay,Nay,Nay,Nay,Yea,Nay,Nay,Nay,Nay,Yea,Yea,Yea,Nay,Nay,Nay,Yea,Yea,Nay,Nay,Nay,Yea,Not Voting,Nay,Nay,Nay,Yea,Yea,Nay,Nay,Nay,Yea,Yea,Not Voting,Not Voting,Nay,Yea,Nay,Yea,Yea,Nay,Yea,Yea,Nay,Yea,Nay,Nay,Nay,Nay,Not Voting,Not Voting,Yea,Nay,Nay,Nay,Yea,Yea,Nay,Nay,Not Voting,Yea,Yea,Yea,Yea,Nay,Yea,Yea,Nay,Yea,Yea,Nay,Nay,Nay,Not Voting,Yea,Nay,Yea,Yea,Yea,Yea,Nay,Nay,Yea,Yea,Yea,Yea,Yea,Yea,Yea,Not Voting,Yea,Yea,Yea,Yea,Yea,Nay,Not Voting,Nay,Yea,Nay,Not Voting,Nay,Nay,Yea,Yea,Nay,Yea,Nay,Yea,Yea,Nay,Yea,Yea,Nay,Yea,Yea,Nay,Nay,Yea,Yea,Yea,Nay,Nay,Yea,Yea,Nay,Yea,Nay,Yea,Yea,Yea,Yea,Nay,Nay,Yea,Yea,Yea,Yea,Yea,Yea,Nay,Not Voting,Yea,Yea,Nay,Nay,Yea,Yea,Nay,Nay,Nay,Yea,Yea,Yea,Nay,Yea,Yea,Yea,Yea,Yea,Nay,Yea,Yea,Yea,Yea,Yea
S282,Yea,Yea,Nay,Yea,Yea,Yea,Yea,Yea,Yea,Yea,Yea,Yea,Yea,Yea,Nay,Yea,Yea,Yea,Yea,Yea,Yea,Yea,Yea,Yea,Yea,Yea,Yea,Nay,Yea,Nay,Yea,Yea,Yea,Yea,Yea,Yea,Nay,Yea,Nay,Nay,Nay,Yea,Yea,Yea,Yea,Nay,Yea,Yea,Yea,Not Voting,Yea,Yea,Yea,Yea,Yea,Yea,Nay,Yea,Yea,Nay,Nay,Nay,Yea,Yea,Yea,Yea,Yea,Nay,Yea,Yea,Yea,Yea,Nay,Nay,Yea,Yea,Yea,Yea,Yea,Yea,Yea,Yea,Yea,Yea,Yea,Nay,Yea,Nay,Nay,Yea,Nay,Nay,Yea,Yea,Yea,Yea,Yea,Yea,Yea,Yea,Yea,Yea,Yea,Yea,Yea,Yea,Yea,Yea,Yea,Nay,Yea,Yea,Yea,Yea,Yea,Yea,Yea,Yea,Yea,Yea,Yea,Yea,Not Voting,Yea,Yea,Yea,Nay,Nay,Yea,Yea,Yea,Yea,Yea,Nay,Nay,Yea,Yea,Yea,Not Voting,Nay,Nay,Yea,Nay,Yea,Yea,Yea,Yea,Yea,Yea,Not Voting,Yea,Yea,Yea,Nay,Yea,Nay,Yea,Nay,Nay,Yea,Yea,Nay,Yea,Nay,Yea,Yea,Yea,Nay,Yea,Nay,Yea,Yea,Nay,Nay,Nay,Nay,Yea,Nay,Nay,Nay,Yea,Yea,Yea,Yea,Nay,Nay,Nay,Nay,Nay,Yea,Nay,Nay,Nay,Yea,Yea,Nay,Nay,Yea,Yea,Yea,Yea,Yea,Nay,Yea,Yea,Nay,Yea,Yea,Yea,Nay,Yea,Yea,Nay,Nay,Nay
S283,Yea,Not Voting,Nay,Yea,Yea,Yea,Yea,Yea,Nay,Yea,Yea,Yea,Not Voting,Yea,Nay,Yea,Yea,Yea,Yea,Yea,Nay,Nay,Nay,Not Voting,Yea,Yea,Yea,Nay,Yea,Yea,Yea,Yea,Yea,Yea,Nay,Yea,Nay,Yea,Nay,Yea,Nay,Yea,Yea,Yea,Yea,Nay,Yea,Yea,Yea,Yea,Yea,Yea,Yea,Yea,Yea,Yea,Nay,Yea,Yea,Nay,Nay,Nay,Yea,Yea,Yea,Yea,Yea,Nay,Yea,Yea,Yea,Yea,Nay,Nay,Nay,Yea,Yea,Yea,Nay,Yea,Yea,Yea,Not Voting,Not Voting,Yea,Nay,Yea,Nay,Nay,Nay,Nay,Yea,Yea,Yea,Yea,Yea,Yea,Yea,Yea,Yea,Yea,Yea,Yea,Yea,Yea,Yea,Yea,Yea,Yea,Nay,Yea,Yea,Yea,Yea,Yea,Yea,Yea,Yea,Yea,Yea,Yea,Yea,Yea,Yea,Yea,Yea,Yea,Yea,Yea,Yea,Nay,Yea,Yea,Nay,Nay,Yea,Yea,Yea,Yea,Yea,Nay,Yea,Nay,Yea,Yea,Yea,Yea,Yea,Yea,Yea,Yea,Yea,Yea,Nay,Yea,Yea,Nay,Nay,Nay,Yea,Yea,Nay,Yea,Nay,Yea,Yea,Yea,Yea,Yea,Yea,Yea,Yea,Yea,Yea,Nay,Nay,Nay,Nay,Nay,Nay,Yea,Yea,Yea,Yea,Yea,Yea,Nay,Nay,Nay,Yea,Nay,Nay,Nay,Yea,Yea,Yea,Nay,Yea,Yea,Yea,Yea,Yea,Yea,Yea,Not Voting,Nay,Yea,Yea,Yea,Nay,Yea,Yea,Nay,Nay,Nay
S284,Yea,Yea,Nay,Yea,Yea,Yea,Yea,Yea,Nay,Yea,Yea,Yea,Yea,Yea,Nay,Yea,Yea,Yea,Yea,Yea,Nay,Yea,Yea,Yea,Yea,Yea,Yea,Nay,Yea,Yea,Yea,Yea,Yea,Yea,Yea,Yea,Nay,Yea,Nay,Nay,Nay,Yea,Yea,Yea,Yea,Yea,Yea,Yea,Yea,Not Voting,Yea,Yea,Yea,Yea,Yea,Yea,Nay,Yea,Yea,Nay,Nay,Nay,Yea,Yea,Yea,Yea,Yea,Yea,Yea,Yea,Yea,Yea,Yea,Yea,Yea,Nay,Nay,Yea,Yea,Yea,Yea,Yea,Not Voting,Not Voting,Yea,Nay,Yea,Nay,Nay,Yea,Nay,Nay,Yea,Yea,Yea,Yea,Yea,Yea,Yea,Yea,Nay,Yea,Yea,Yea,Yea,Yea,Yea,Yea,Yea,Nay,Yea,Nay,Nay,Yea,Yea,Yea,Yea,Yea,Yea,Yea,Yea,Yea,Yea,Yea,Yea,Yea,Nay,Nay,Yea,Yea,Yea,Yea,Yea,Nay,Nay,Yea,Not Voting,Not Voting,Nay,Nay,Yea,Yea,Yea,Yea,Yea,Yea,Yea,Yea,Yea,Yea,Yea,Yea,Yea,Nay,Yea,Nay,Yea,Nay,Nay,Yea,Yea,Nay,Yea,Nay,Yea,Yea,Yea,Nay,Yea,Nay,Yea,Yea,Nay,Nay,Nay,Nay,Yea,Nay,Nay,Nay,Yea,Yea,Yea,Yea,Nay,Nay,Nay,Nay,Nay,Yea,Nay,Nay,Nay,Yea,Yea,Nay,Nay,Yea,Yea,Yea,Yea,Yea,Nay,Yea,Yea,Nay,Yea,Yea,Yea,Nay,Yea,Yea,Nay,Nay,Nay
S287,Yea,Yea,Yea,Yea,Yea,Yea,Nay,Nay,Yea,Yea,Yea,Yea,Nay,Nay,Yea,Yea,Yea,Yea,Nay,Yea,Nay,Nay,Yea,Nay,Yea,Yea,Yea,Yea,Yea,Yea,Nay,Nay,Yea,Nay,Nay,Yea,Yea,Nay,Yea,Yea,Yea,Yea,Nay,Nay,Yea,Nay,Yea,Yea,Nay,Not Voting,Yea,Not Voting,Nay,Nay,Yea,Nay,Nay,Nay,Yea,Nay,Yea,Present,Yea,Nay,Nay,Yea,Yea,Nay,Nay,Yea,Yea,Nay,Nay,Nay,Nay,Yea,Yea,Yea,Nay,Nay,Yea,Yea,Not Voting,Not Voting,Nay,Yea,Yea,Yea,Yea,Nay,Yea,Yea,Nay,Yea,Nay,Yea,Nay,Nay,Yea,Nay,Yea,Nay,Nay,Nay,Yea,Yea,Nay,Nay,Yea,Yea,Yea,Yea,Yea,Not Voting,Yea,Yea,Nay,Yea,Yea,Nay,Yea,Yea,Yea,Yea,Yea,Yea,Yea,Yea,Yea,Not Voting,Nay,Yea,Yea,Yea,Yea,Yea,Not Voting,Not Voting,Yea,Not Voting,Not Voting,Not Voting,Not Voting,Not Voting,Nay,Yea,Nay,Yea,Nay,Nay,Nay,Yea,Yea,Yea,Nay,Not Voting,Nay,Yea,Yea,Nay,Yea,Yea,Nay,Yea,Yea,Nay,Nay,Yea,Yea,Yea,Nay,Nay,Yea,Yea,Nay,Yea,Nay,Yea,Yea,Yea,Yea,Nay,Nay,Yea,Yea,Yea,Yea,Yea,Yea,Nay,Yea,Yea,Yea,Nay,Yea,Yea,Yea,Yea,Nay,Nay,Yea,Yea,Yea,Nay,Yea,Yea,Not Voting,Not Voting,Yea,Nay,Yea,Yea,Yea,Nay,Yea
S288,Yea,Nay,Nay,Yea,Yea,Yea,Yea,Nay,Yea,Yea,Yea,Yea,Nay,Nay,Nay,Yea,Yea,Yea,Nay,Yea,Yea,Yea,Nay,Nay,Nay,Yea,Yea,Yea,Yea,Yea,Yea,Nay,Nay,Yea,Yea,Nay,Yea,Nay,Nay,Yea,Yea,Yea,Yea,Nay,Yea,Nay,Nay,Not Voting,Nay,Nay,Nay,Not Voting,Nay,Nay,Yea,Yea,Nay,Nay,Nay,Nay,Yea,Nay,Yea,Yea,Yea,Yea,Yea,Nay,Yea,Yea,Yea,Not Voting,Nay,Nay,Nay,Yea,Yea,Yea,Nay,Yea,Yea,Yea,Not Voting,Not Voting,Yea,Nay,Yea,Nay,Nay,Nay,Nay,Nay,Yea,Yea,Nay,Yea,Yea,Nay,Yea,Nay,Yea,Nay,Nay,Nay,Yea,Yea,Nay,Nay,Yea,Nay,Yea,Yea,Yea,Yea,Yea,Yea,Nay,Yea,Yea,Nay,Yea,Yea,Yea,Yea,Yea,Yea,Yea,Yea,Yea,Nay,Nay,Yea,Yea,Nay,Nay,Yea,Yea,Yea,Yea,Yea,Yea,Yea,Yea,Yea,Nay,Not Voting,Yea,Yea,Nay,Nay,Yea,Yea,Yea,Yea,Nay,Yea,Nay,Yea,Yea,Nay,Yea,Yea,Nay,Yea,Yea,Yea,Nay,Yea,Yea,Yea,Nay,Yea,Yea,Yea,Nay,Yea,Nay,Yea,Nay,Nay,Yea,Yea,Nay,Yea,Yea,Nay,Nay,Yea,Nay,Nay,Yea,Yea,Nay,Nay,Yea,Nay,Yea,Yea,Nay,Nay,Yea,Yea,Yea,Nay,Yea,Yea,Yea,Yea,Yea,Nay,Yea,Yea,Nay,Nay,Nay
S289,Yea,Yea,Nay,Yea,Yea,Yea,Yea,Not Voting,Not Voting,Not Voting,Not Voting,Yea,Nay,Nay,Yea,Yea,Yea,Yea,Nay,Yea,Nay,Nay,Nay,Nay,Nay,Yea,Yea,Yea,Yea,Yea,Nay,Nay,Yea,Yea,Nay,Yea,Not Voting,Not Voting,Not Voting,Not Voting,Not Voting,Yea,Nay,Nay,Yea,Nay,Yea,Yea,Nay,Not Voting,Yea,Nay,Nay,Nay,Yea,Nay,Nay,Nay,Yea,Not Voting,Not Voting,Not Voting,Yea,Nay,Yea,Yea,Yea,Nay,Nay,Yea,Yea,Yea,Nay,Nay,Nay,Yea,Yea,Yea,Nay,Yea,Yea,Yea,Not Voting,Not Voting,Not Voting,Nay,Yea,Yea,Yea,Nay,Yea,Yea,Yea,Not Voting,Nay,Yea,Yea,Nay,Yea,Nay,Yea,Nay,Nay,Nay,Yea,Nay,Nay,Nay,Yea,Yea,Yea,Yea,Yea,Nay,Yea,Yea,Nay,Yea,Yea,Nay,Yea,Nay,Yea,Yea,Yea,Yea,Yea,Yea,Yea,Not Voting,Nay,Yea,Yea,Yea,Yea,Yea,Not Voting,Not Voting,Yea,Yea,Yea,Yea,Yea,Yea,Nay,Yea,Nay,Yea,Nay,Nay,Nay,Yea,Yea,Yea,Nay,Yea,Nay,Yea,Yea,Nay,Yea,Yea,Nay,Yea,Yea,Nay,Nay,Yea,Yea,Yea,Nay,Nay,Yea,Yea,Nay,Yea,Nay,Yea,Nay,Yea,Yea,Nay,Nay,Yea,Yea,Nay,Yea,Yea,Yea,Nay,Yea,Yea,Yea,Nay,Yea,Yea,Yea,Yea,Yea,Nay,Yea,Yea,Yea,Nay,Yea,Yea,Yea,Yea,Yea,Yea,Nay,Yea,Nay,Nay,Nay
S290,Yea,Yea,Yea,Yea,Yea,Yea,Yea,Yea,Yea,Yea,Yea,Yea,Nay,Nay,Yea,Yea,Yea,Yea,Nay,Yea,Yea,Nay,Nay,Nay,Nay,Nay,Yea,Yea,Yea,Yea,Yea,Nay,Yea,Yea,Nay,Yea,Yea,Nay,Yea,Yea,Yea,Yea,Yea,Nay,Yea,Nay,Yea,Yea,Nay,Nay,Yea,Nay,Nay,Nay,Yea,Nay,Nay,Nay,Yea,Nay,Nay,Nay,Yea,Nay,Nay,Yea,Yea,Nay,Nay,Nay,Yea,Yea,Nay,Nay,Nay,Yea,Yea,Yea,Nay,Yea,Yea,Yea,Not Voting,Not Voting,Nay,Yea,Yea,Yea,Yea,Nay,Yea,Yea,Yea,Yea,Nay,Yea,Yea,Nay,Yea,Nay,Yea,Nay,Nay,Nay,Yea,Yea,Nay,Nay,Yea,Yea,Yea,Yea,Yea,Nay,Yea,Yea,Nay,Yea,Yea,Nay,Yea,Yea,Yea,Nay,Nay,Yea,Yea,Yea,Not Voting,Nay,Nay,Yea,Yea,Yea,Yea,Yea,Yea,Yea,Yea,Yea,Yea,Yea,Yea,Yea,Nay,Yea,Nay,Yea,Nay,Nay,Nay,Yea,Yea,Yea,Nay,Yea,Nay,Yea,Yea,Nay,Not Voting,Yea,Nay,Yea,Yea,Nay,Nay,Yea,Yea,Yea,Nay,Yea,Yea,Yea,Nay,Yea,Nay,Yea,Yea,Yea,Yea,Nay,Nay,Nay,Yea,Yea,Yea,Yea,Yea,Nay,Yea,Yea,Yea,Nay,Yea,Yea,Yea,Yea,Yea,Nay,Yea,Not Voting,Yea,Nay,Yea,Yea,Yea,Yea,Yea,Yea,Yea,Yea,Yea,Yea,Yea
S291,Yea,Yea,Yea,Yea,Yea,Yea,Yea,Yea,Yea,Yea,Yea,Yea,Nay,Yea,Yea,Yea,Yea,Yea,Nay,Yea,Nay,Nay,Nay,Nay,Yea,Yea,Yea,Nay,Yea,Yea,Yea,Nay,Yea,Yea,Nay,Yea,Yea,Yea,Nay,Yea,Yea,Yea,Yea,Nay,Yea,Nay,Yea,Yea,Nay,Nay,Yea,Not Voting,Yea,Nay,Yea,Yea,Nay,Yea,Yea,Nay,Nay,Nay,Yea,Yea,Yea,Yea,Yea,Nay,Yea,Yea,Yea,Not Voting,Nay,Nay,Nay,Yea,Yea,Yea,Nay,Yea,Yea,Yea,Not Voting,Not Voting,Yea,Nay,Yea,Nay,Yea,Nay,Nay,Nay,Yea,Yea,Nay,Yea,Yea,Yea,Yea,Yea,Yea,Yea,Nay,Yea,Not Voting,Not Voting,Not Voting,Not Voting,Yea,Yea,Yea,Yea,Yea,Yea,Yea,Yea,Yea,Yea,Yea,Yea,Yea,Yea,Yea,Yea,Yea,Yea,Yea,Yea,Yea,Nay,Nay,Yea,Yea,Nay,Nay,Yea,Yea,Yea,Yea,Yea,Yea,Yea,Yea,Not Voting,Nay,Yea,Nay,Yea,Nay,Nay,Nay,Yea,Yea,Yea,Nay,Yea,Nay,Yea,Yea,Nay,Yea,Yea,Nay,Yea,Yea,Yea,Yea,Yea,Yea,Yea,Yea,Yea,Yea,Yea,Nay,Yea,Nay,Yea,Nay,Yea,Yea,Nay,Nay,Yea,Yea,Yea,Nay,Yea,Nay,Nay,Yea,Yea,Yea,Yea,Yea,Yea,Yea,Yea,Yea,Nay,Yea,Yea,Yea,Yea,Yea,Yea,Yea,Yea,Yea,Nay,Yea,Yea,Yea,Yea,Yea
S292,Yea,Yea,Not Voting,Not Voting,Not Voting,Yea,Yea,Yea,Yea,Yea,Yea,Yea,Nay,Nay,Yea,Yea,Yea,Not Voting,Nay,Yea,Nay,Nay,Nay,Nay,Nay,Yea,Nay,Nay,Yea,Yea,Nay,Nay,Yea,Yea,Nay,Yea,Yea,Yea,Nay,Nay,Yea,Yea,Yea,Yea,Yea,Nay,Yea,Yea,Nay,Nay,Yea,Yea,Nay,Nay,Yea,Yea,Nay,Nay,Yea,Nay,Nay,Nay,Yea,Nay,Yea,Yea,Yea,Nay,Yea,Yea,Yea,Yea,Nay,Nay,Nay,Yea,Yea,Yea,Nay,Yea,Yea,Yea,Yea,Yea,Yea,Nay,Yea,Nay,Yea,Nay,Nay,Nay,Yea,Yea,Nay,Yea,Not Voting,Not Voting,Not Voting,Not Voting,Yea,Nay,Nay,Yea,Yea,Yea,Yea,Nay,Not Voting,Yea,Yea,Yea,Yea,Yea,Yea,Yea,Nay,Yea,Yea,Yea,Yea,Yea,Yea,Yea,Yea,Yea,Nay,Nay,Yea,Yea,Nay,Yea,Yea,Nay,Nay,Yea,Yea,Yea,Not Voting,Yea,Yea,Yea,Yea,Yea,Nay,Yea,Nay,Yea,Nay,Not Voting,Nay,Yea,Yea,Yea,Nay,Yea,Nay,Yea,Yea,Nay,Yea,Yea,Nay,Yea,Yea,Yea,Yea,Nay,Yea,Yea,Nay,Yea,Yea,Yea,Nay,Yea,Nay,Yea,Nay,Yea,Nay,Yea,Nay,Yea,Yea,Yea,Yea,Yea,Yea,Nay,Yea,Yea,Yea,Yea,Yea,Yea,Yea,Yea,Nay,Nay,Yea,Yea,Yea,Nay,Yea,Yea,Yea,Yea,Not Voting,Not Voting,Not Voting,Not Voting,Not Voting,Not Voting,Not Voting
S293,Yea,Yea,Yea,Yea,Yea,Yea,Nay,Nay,Yea,Yea,Yea,Yea,Nay,Nay,Yea,Yea,Yea,Yea,Nay,Yea,Yea,Yea,Nay,Nay,Nay,Nay,Yea,Yea,Yea,Yea,Nay,Nay,Yea,Nay,Not Voting,Yea,Yea,Nay,Nay,Yea,Yea,Yea,Nay,Nay,Yea,Not Voting,Yea,Yea,Nay,Nay,Yea,Not Voting,Not Voting,Not Voting,Not Voting,Nay,Not Voting,Nay,Yea,Nay,Nay,Nay,Yea,Nay,Yea,Yea,Yea,Not Voting,Nay,Nay,Yea,Not Voting,Nay,Nay,Nay,Yea,Yea,Nay,Not Voting,Yea,Yea,Yea,Yea,Yea,Nay,Nay,Nay,Yea,Yea,Not Voting,Yea,Yea,Nay,Yea,Not Voting,Not Voting,Not Voting,Not Voting,Yea,Nay,Not Voting,Nay,Nay,Nay,Yea,Yea,Nay,Nay,Not Voting,Yea,Yea,Not Voting,Not Voting,Nay,Nay,Yea,Nay,Yea,Yea,Not Voting,Nay,Nay,Yea,Not Voting,Nay,Yea,Yea,Yea,Yea,Not Voting,Not Voting,Not Voting,Not Voting,Not Voting,Not Voting,Not Voting,Yea,Yea,Yea,Yea,Nay,Nay,Yea,Yea,Nay,Yea,Nay,Yea,Nay,Nay,Nay,Yea,Yea,Yea,Nay,Yea,Nay,Yea,Yea,Nay,Not Voting,Yea,Nay,Yea,Yea,Yea,Nay,Yea,Yea,Yea,Nay,Not Voting,Yea,Yea,Nay,Yea,Nay,Yea,Yea,Yea,Yea,Nay,Not Voting,Yea,Yea,Yea,Yea,Yea,Yea,Nay,Yea,Yea,Yea,Nay,Yea,Yea,Yea,Yea,Yea,Nay,Yea,Yea,Yea,Nay,Yea,Yea,Yea,Yea,Yea,Nay,Yea,Yea,Yea,Yea,Yea
S295,Yea,Yea,Nay,Yea,Yea,Yea,Yea,Yea,Nay,Yea,Yea,Yea,Nay,Yea,Nay,Yea,Yea,Yea,Yea,Yea,Yea,Yea,Yea,Nay,Yea,Nay,Yea,Nay,Yea,Nay,Yea,Yea,Yea,Yea,Yea,Yea,Nay,Nay,Nay,Nay,Nay,Yea,Yea,Yea,Yea,Nay,Yea,Yea,Yea,Yea,Yea,Yea,Yea,Yea,Yea,Yea,Nay,Yea,Yea,Nay,Nay,Present,Yea,Yea,Yea,Yea,Yea,Nay,Yea,Yea,Yea,Not Voting,Nay,Nay,Nay,Yea,Yea,Yea,Nay,Yea,Yea,Yea,Yea,Yea,Yea,Nay,Yea,Nay,Nay,Nay,Nay,Nay,Yea,Yea,Yea,Yea,Yea,Yea,Yea,Yea,Yea,Yea,Yea,Yea,Yea,Yea,Yea,Yea,Yea,Nay,Yea,Yea,Yea,Yea,Yea,Yea,Yea,Yea,Yea,Yea,Yea,Yea,Yea,Yea,Yea,Yea,Yea,Yea,Yea,Yea,Yea,Yea,Yea,Nay,Nay,Yea,Yea,Yea,Yea,Yea,Yea,Yea,Nay,Yea,Yea,Yea,Yea,Yea,Yea,Yea,Yea,Yea,Yea,Nay,Yea,Nay,Yea,Nay,Nay,Yea,Yea,Nay,Yea,Nay,Yea,Yea,Yea,Nay,Yea,Yea,Yea,Yea,Yea,Yea,Nay,Nay,Yea,Nay,Nay,Nay,Yea,Yea,Yea,Yea,Nay,Nay,Nay,Nay,Nay,Yea,Nay,Nay,Nay,Yea,Yea,Nay,Nay,Yea,Yea,Yea,Yea,Yea,Yea,Yea,Yea,Nay,Yea,Yea,Yea,Nay,Yea,Yea,Nay,Nay,Nay
S296,Yea,Yea,Yea,Yea,Yea,Yea,Nay,Yea,Yea,Yea,Yea,Yea,Nay,Yea,Yea,Yea,Yea,Yea,Nay,Yea,Nay,Nay,Nay,Nay,Nay,Nay,Nay,Yea,Yea,Yea,Yea,Nay,Nay,Nay,Yea,Nay,Yea,Nay,Nay,Yea,Yea,Yea,Yea,Nay,Yea,Nay,Nay,Yea,Nay,Nay,Nay,Yea,Nay,Nay,Yea,Not Voting,Nay,Nay,Nay,Nay,Nay,Nay,Yea,Nay,Yea,Yea,Yea,Nay,Nay,Yea,Yea,Yea,Nay,Nay,Nay,Yea,Yea,Nay,Nay,Yea,Yea,Yea,Yea,Yea,Yea,Nay,Nay,Nay,Yea,Nay,Nay,Nay,Yea,Yea,Nay,Nay,Yea,Yea,Not Voting,Not Voting,Yea,Nay,Nay,Nay,Yea,Yea,Nay,Nay,Not Voting,Nay,Yea,Yea,Yea,Yea,Yea,Yea,Nay,Yea,Yea,Nay,Yea,Yea,Not Voting,Yea,Nay,Yea,Yea,Yea,Not Voting,Not Voting,Nay,Yea,Yea,Yea,Yea,Yea,Yea,Yea,Yea,Yea,Yea,Nay,Yea,Yea,Nay,Yea,Nay,Yea,Nay,Nay,Nay,Yea,Yea,Yea,Nay,Yea,Nay,Yea,Yea,Nay,Yea,Yea,Nay,Yea,Yea,Nay,Nay,Yea,Yea,Yea,Yea,Yea,Yea,Yea,Nay,Yea,Nay,Yea,Yea,Yea,Yea,Nay,Nay,Yea,Yea,Yea,Yea,Yea,Yea,Nay,Yea,Yea,Yea,Nay,Nay,Yea,Yea,Yea,Nay,Nay,Yea,Yea,Yea,Nay,Yea,Yea,Yea,Yea,Yea,Nay,Yea,Yea,Yea,Nay,Yea
S297,Yea,Yea,Nay,Yea,Yea,Yea,Yea,Yea,Nay,Yea,Yea,Yea,Yea,Yea,Nay,Yea,Yea,Yea,Yea,Yea,Nay,Yea,Nay,Nay,Nay,Yea,Yea,Nay,Yea,Yea,Yea,Yea,Yea,Yea,Yea,Yea,Nay,Yea,Nay,Nay,Nay,Yea,Yea,Yea,Yea,Yea,Yea,Yea,Yea,Yea,Yea,Yea,Yea,Yea,Yea,Yea,Nay,Yea,Yea,Nay,Nay,Present,Yea,Yea,Yea,Yea,Yea,Yea,Yea,Yea,Yea,Yea,Nay,Nay,Yea,Yea,Yea,Yea,Nay,Yea,Yea,Yea,Yea,Yea,Yea,Nay,Yea,Nay,Nay,Yea,Nay,Nay,Yea,Yea,Yea,Yea,Yea,Yea,Yea,Yea,Yea,Yea,Yea,Yea,Yea,Yea,Yea,Yea,Yea,Nay,Yea,Yea,Yea,Yea,Yea,Yea,Yea,Yea,Yea,Yea,Yea,Yea,Yea,Yea,Yea,Yea,Yea,Yea,Yea,Yea,Yea,Yea,Yea,Nay,Nay,Yea,Yea,Yea,Nay,Yea,Nay,Yea,Nay,Yea,Yea,Yea,Yea,Yea,Yea,Yea,Yea,Yea,Yea,Nay,Yea,Nay,Yea,Nay,Nay,Yea,Yea,Nay,Yea,Nay,Yea,Yea,Yea,Nay,Yea,Nay,Yea,Yea,Nay,Yea,Nay,Nay,Nay,Nay,Nay,Nay,Yea,Yea,Yea,Yea,Nay,Nay,Nay,Nay,Nay,Yea,Nay,Nay,Nay,Yea,Yea,Nay,Nay,Yea,Yea,Yea,Yea,Yea,Nay,Yea,Yea,Nay,Yea,Yea,Yea,Nay,Yea,Yea,Nay,Nay,Nay
S298,Not Voting,Not Voting,Not Voting,Not Voting,Not Voting,Not Voting,Not Voting,Not Voting,Not Voting,Not Voting,Not Voting,Not Voting,Not Voting,Yea,Not Voting,Not Voting,Not Voting,Not Voting,Not Voting,Not Voting,Not Voting,Not Voting,Not Voting,Not Voting,Not Voting,Not Voting,Not Voting,Nay,Yea,Yea,Yea,Not Voting,Not Voting,Not Voting,Yea,Not Voting,Not Voting,Not Voting,Not Voting,Not Voting,Not Voting,Not Voting,Yea,Nay,Not Voting,Yea,Not Voting,Not Voting,Yea,Not Voting,Not Voting,Not Voting,Not Voting,Not Voting,Not Voting,Not Voting,Yea,Not Voting,Not Voting,Not Voting,Not Voting,Not Voting,Not Voting,Not Voting,Not Voting,Not Voting,Not Voting,Yea,Yea,Yea,Yea,Not Voting,Yea,Yea,Yea,Yea,Yea,Yea,Yea,Not Voting,Not Voting,Not Voting,Not Voting,Not Voting,Not Voting,Not Voting,Not Voting,Not Voting,Not Voting,Yea,Not Voting,Not Voting,Not Voting,Not Voting,Not Voting,Not Voting,Not Voting,Not Voting,Not Voting,Not Voting,Nay,Not Voting,Not Voting,Not Voting,Not Voting,Not Voting,Not Voting,Not Voting,Not Voting,Not Voting,Not Voting,Not Voting,Not Voting,Not Voting,Not Voting,Not Voting,Not Voting,Not Voting,Not Voting,Not Voting,Not Voting,Not Voting,Not Voting,Not Voting,Yea,Yea,Yea,Yea,NA,NA,Not Voting,Not Voting,Not Voting,Not Voting,Not Voting,Not Voting,Not Voting,Not Voting,Nay,Not Voting,Not Voting,Not Voting,Not Voting,Not Voting,Not Voting,Not Voting,Not Voting,Not Voting,Not Voting,Yea,Not Voting,Not Voting,Yea,Nay,Yea,Nay,Yea,Nay,Nay,Yea,Not Voting,Nay,Yea,Nay,Yea,Yea,Yea,Nay,Not Voting,Nay,Yea,Not Voting,Nay,Nay,Nay,Nay,Yea,Nay,Nay,Nay,Yea,Yea,Yea,Yea,Nay,Nay,Nay,Nay,Yea,Nay,Nay,Nay,Nay,Yea,Yea,Nay,Nay,Yea,Yea,Yea,Not Voting,Not Voting,Not Voting,Not Voting,Not Voting,Not Voting,Not Voting,Not Voting,Yea,Not Voting,Not Voting,Not Voting,Not Voting,Not Voting,Not Voting
S299,Yea,Yea,Yea,Nay,Yea,Yea,Yea,Yea,Yea,Yea,Yea,Not Voting,Nay,Nay,Yea,Nay,Yea,Yea,Nay,Yea,Yea,Yea,Yea,Nay,Yea,Yea,Nay,Yea,Yea,Nay,Nay,Nay,Yea,Nay,Nay,Yea,Yea,Nay,Yea,Yea,Yea,Yea,Yea,Nay,Yea,Nay,Yea,Yea,Nay,Nay,Yea,Nay,Nay,Nay,Yea,Nay,Nay,Nay,Yea,Yea,Yea,Yea,Nay,Nay,Nay,Yea,Yea,Nay,Nay,Yea,Yea,Not Voting,Nay,Nay,Nay,Yea,Yea,Nay,Nay,Nay,Yea,Yea,Not Voting,Not Voting,Nay,Yea,Nay,Yea,Yea,Nay,Yea,Yea,Nay,Yea,Nay,Nay,Nay,Nay,Nay,Nay,Yea,Nay,Nay,Nay,Yea,Yea,Nay,Nay,Not Voting,Yea,Yea,Yea,Yea,Nay,Nay,Yea,Nay,Yea,Yea,Nay,Yea,Yea,Nay,Nay,Nay,Yea,Nay,Nay,Yea,Nay,Nay,Yea,Yea,Yea,Yea,Yea,Nay,Yea,Yea,Yea,Yea,Nay,Yea,Yea,Nay,Yea,Nay,Yea,Nay,Nay,Nay,Nay,Yea,Yea,Nay,Yea,Nay,Yea,Yea,Nay,Not Voting,Yea,Nay,Yea,Not Voting,Nay,Nay,Yea,Yea,Yea,Nay,Yea,Yea,Yea,Nay,Yea,Nay,Yea,Yea,Yea,Yea,Nay,Nay,Yea,Yea,Yea,Nay,Yea,Nay,Nay,Yea,Yea,Yea,Nay,Nay,Yea,Yea,Nay,Yea,Nay,Yea,Yea,Yea,Nay,Yea,Yea,Yea,Yea,Yea,Yea,Yea,Yea,Yea,Nay,Yea
S300,Yea,Yea,Yea,Yea,Yea,Yea,Nay,Nay,Yea,Yea,Yea,Yea,Nay,Nay,Yea,Yea,Yea,Yea,Not Voting,Not Voting,Nay,Yea,Nay,Nay,Nay,Nay,Nay,Yea,Yea,Yea,Nay,Nay,Nay,Nay,Nay,Yea,Yea,Nay,Yea,Yea,Yea,Yea,Nay,Nay,Yea,Nay,Yea,Not Voting,Nay,Nay,Yea,Nay,Nay,Nay,Yea,Nay,Nay,Nay,Yea,Yea,Yea,Yea,Yea,Nay,Nay,Yea,Yea,Nay,Nay,Nay,Yea,Nay,Nay,Nay,Nay,Yea,Yea,Nay,Nay,Yea,Yea,Yea,Yea,Yea,Nay,Nay,Nay,Yea,Yea,Nay,Yea,Yea,Yea,Yea,Nay,Nay,Not Voting,Not Voting,Yea,Nay,Yea,Nay,Nay,Nay,Yea,Yea,Nay,Nay,Yea,Yea,Yea,Yea,Yea,Nay,Yea,Yea,Nay,Yea,Yea,Nay,Nay,Present,Nay,Nay,Nay,Yea,Yea,Yea,Yea,Nay,Nay,Yea,Yea,Yea,Yea,Yea,Not Voting,Yea,Yea,Yea,Nay,Yea,Yea,Yea,Nay,Yea,Nay,Yea,Nay,Nay,Nay,Nay,Yea,Yea,Nay,Yea,Nay,Yea,Yea,Nay,Yea,Yea,Nay,Yea,Yea,Nay,Nay,Yea,Yea,Yea,Nay,Not Voting,Yea,Yea,Nay,Yea,Nay,Yea,Nay,Yea,Yea,Nay,Not Voting,Yea,Yea,Yea,Yea,Yea,Yea,Nay,Yea,Yea,Yea,Nay,Nay,Yea,Yea,Yea,Nay,Nay,Yea,Yea,Yea,Nay,Yea,Yea,Yea,Yea,Yea,Nay,Yea,Yea,Yea,Yea,Yea
S301,Yea,Nay,Yea,Nay,Yea,Yea,Nay,Nay,Yea,Yea,Yea,Yea,Nay,Nay,Yea,Yea,Yea,Yea,Nay,Nay,Nay,Yea,Nay,Nay,Nay,Nay,Nay,Yea,Yea,Nay,Nay,Nay,Nay,Nay,Nay,Nay,Yea,Nay,Yea,Yea,Yea,Yea,Not Voting,Not Voting,Not Voting,Nay,Not Voting,Nay,Nay,Nay,Nay,Nay,Nay,Nay,Yea,Nay,Nay,Nay,Nay,Yea,Yea,Yea,Not Voting,Nay,Nay,Yea,Yea,Nay,Nay,Nay,Nay,Nay,Nay,Nay,Nay,Yea,Yea,Nay,Nay,Nay,Yea,Yea,Not Voting,Not Voting,Nay,Nay,Nay,Yea,Yea,Nay,Yea,Yea,Yea,Yea,Not Voting,Not Voting,Nay,Nay,Yea,Nay,Yea,Nay,Nay,Nay,Nay,Nay,Nay,Nay,Yea,Yea,Yea,Yea,Yea,Nay,Nay,Yea,Nay,Yea,Yea,Nay,Nay,Nay,Nay,Yea,Nay,Yea,Yea,Yea,Nay,Nay,Nay,Yea,Yea,Yea,Yea,Yea,Yea,Yea,Not Voting,Yea,Nay,Nay,Yea,Yea,Not Voting,Nay,Nay,Yea,Nay,Not Voting,Nay,Nay,Yea,Yea,Nay,Yea,Nay,Yea,Yea,Nay,Nay,Yea,Nay,Yea,Yea,Yea,Nay,Yea,Nay,Yea,Nay,Nay,Yea,Yea,Nay,Yea,Nay,Yea,Yea,Yea,Nay,Nay,Nay,Nay,Yea,Yea,Yea,Yea,Yea,Nay,Yea,Yea,Yea,Nay,Nay,Yea,Yea,Nay,Yea,Nay,Yea,Yea,Yea,Nay,Nay,Yea,Yea,Yea,Nay,Nay,Yea,Nay,Yea,Yea,Yea
S302,Yea,Nay,Yea,Nay,Yea,Yea,Nay,Nay,Yea,Nay,Nay,Yea,Nay,Nay,Not Voting,Not Voting,Not Voting,Yea,Nay,Yea,Nay,Nay,Nay,Nay,Nay,Nay,Nay,Yea,Yea,Yea,Nay,Nay,Nay,Nay,Nay,Nay,Yea,Nay,Yea,Yea,Yea,Yea,Nay,Nay,Yea,Nay,Present,Nay,Nay,Nay,Nay,Not Voting,Nay,Nay,Yea,Nay,Nay,Nay,Nay,Yea,Yea,Yea,Nay,Nay,Nay,Yea,Yea,Nay,Nay,Nay,Nay,Nay,Nay,Nay,Nay,Yea,Yea,Nay,Nay,Nay,Yea,Yea,Not Voting,Not Voting,Nay,Yea,Nay,Yea,Yea,Nay,Yea,Yea,Nay,Yea,Nay,Nay,Nay,Nay,Yea,Nay,Yea,Nay,Nay,Nay,Nay,Nay,Nay,Nay,Yea,Yea,Yea,Yea,Yea,Nay,Nay,Not Voting,Not Voting,Not Voting,Not Voting,Nay,Nay,Nay,Nay,Nay,Nay,Yea,Nay,Nay,Nay,Nay,Nay,Yea,Yea,Yea,Yea,Yea,Nay,Yea,Yea,Yea,Nay,Nay,Yea,Yea,Nay,Yea,Nay,Yea,Nay,Nay,Nay,Nay,Yea,Yea,Nay,Yea,Nay,Yea,Yea,Nay,Not Voting,Yea,Nay,Yea,Nay,Nay,Nay,Yea,Yea,Yea,Nay,Yea,Yea,Yea,Nay,Yea,Nay,Yea,Yea,Yea,Nay,Nay,Nay,Yea,Yea,Yea,Yea,Yea,Yea,Nay,Yea,Yea,Yea,Nay,Nay,Yea,Yea,Nay,Yea,Nay,Yea,Yea,Yea,Nay,Yea,Yea,Yea,Nay,Nay,Nay,Yea,Nay,Yea,Yea,Yea
S303,Not Voting,Yea,Yea,Yea,Yea,Yea,Yea,Yea,Yea,Yea,Yea,Yea,Nay,Nay,Yea,Yea,Yea,Yea,Nay,Yea,Nay,Nay,Nay,Nay,Nay,Nay,Nay,Yea,Yea,Yea,Yea,Nay,Yea,Nay,Nay,Yea,Yea,Nay,Yea,Yea,Yea,Yea,Yea,Nay,Yea,Nay,Yea,Yea,Nay,Nay,Yea,Nay,Nay,Nay,Yea,Nay,Nay,Nay,Yea,Nay,Yea,Yea,Yea,Nay,Nay,Yea,Yea,Nay,Nay,Yea,Yea,Not Voting,Nay,Nay,Nay,Yea,Yea,Nay,Nay,Yea,Yea,Yea,Nay,Yea,Nay,Nay,Nay,Yea,Yea,Nay,Yea,Yea,Yea,Yea,Nay,Nay,Nay,Nay,Yea,Nay,Yea,Nay,Nay,Nay,Yea,Yea,Nay,Nay,Yea,Yea,Yea,Yea,Yea,Nay,Yea,Yea,Nay,Yea,Yea,Nay,Yea,Yea,Nay,Yea,Nay,Yea,Yea,Yea,Yea,Nay,Nay,Yea,Yea,Nay,Nay,Yea,Yea,Yea,Yea,Yea,Nay,Yea,Yea,Yea,Nay,Yea,Nay,Yea,Nay,Nay,Nay,Yea,Yea,Yea,Nay,Yea,Nay,Yea,Yea,Nay,Yea,Yea,Nay,Yea,Yea,Yea,Nay,Yea,Yea,Yea,Nay,Yea,Yea,Yea,Nay,Yea,Nay,Yea,Yea,Yea,Yea,Nay,Nay,Yea,Yea,Yea,Nay,Yea,Yea,Nay,Yea,Yea,Yea,Nay,Nay,Yea,Yea,Nay,Yea,Nay,Yea,Yea,Yea,Nay,Yea,Yea,Yea,Yea,Yea,Nay,Yea,Yea,Yea,Yea,Yea
S304,Yea,Yea,Nay,Yea,Yea,Yea,Nay,Yea,Yea,Yea,Yea,Yea,Nay,Nay,Yea,Yea,Yea,Not Voting,Nay,Yea,Yea,Yea,Yea,Nay,Yea,Yea,Yea,Nay,Yea,Yea,Yea,Nay,Yea,Nay,Nay,Yea,Yea,Yea,Nay,Nay,Yea,Yea,Yea,Nay,Yea,Nay,Yea,Yea,Nay,Nay,Yea,Yea,Nay,Nay,Yea,Nay,Nay,Nay,Yea,Nay,Nay,Nay,Yea,Nay,Yea,Yea,Yea,Nay,Nay,Yea,Yea,Yea,Nay,Nay,Nay,Yea,Yea,Yea,Nay,Yea,Yea,Yea,Not Voting,Not Voting,Yea,Nay,Yea,Nay,Nay,Nay,Nay,Nay,Yea,Yea,Nay,Yea,Yea,Nay,Yea,Nay,Yea,Nay,Nay,Nay,Yea,Yea,Nay,Nay,Yea,Yea,Yea,Yea,Yea,Not Voting,Yea,Yea,Nay,Yea,Yea,Nay,Yea,Yea,Yea,Yea,Nay,Yea,Yea,Yea,Yea,Nay,Nay,Yea,Yea,Yea,Nay,Yea,Yea,Yea,Yea,Yea,Nay,Yea,Yea,Yea,Nay,Yea,Nay,Yea,Nay,Nay,Yea,Yea,Yea,Yea,Nay,Yea,Nay,Yea,Yea,Nay,Yea,Yea,Nay,Yea,Yea,Nay,Yea,Nay,Yea,Nay,Yea,Yea,Yea,Yea,Nay,Nay,Nay,Yea,Yea,Yea,Yea,Nay,Nay,Yea,Yea,Nay,Nay,Yea,Yea,Nay,Yea,Yea,Yea,Nay,Nay,Yea,Yea,Yea,Yea,Nay,Yea,Yea,Yea,Nay,Yea,Yea,Yea,Yea,Yea,Nay,Yea,Yea,Nay,Nay,Nay
S305,Yea,Yea,Yea,Yea,Yea,Yea,Yea,Yea,Yea,Yea,Yea,Yea,Nay,Nay,Yea,Yea,Yea,Yea,Nay,Yea,Yea,Nay,Nay,Nay,Nay,Nay,Yea,Yea,Yea,Yea,Nay,Nay,Yea,Yea,Nay,Yea,Yea,Nay,Yea,Yea,Yea,Yea,Yea,Nay,Yea,Nay,Yea,Yea,Nay,Not Voting,Yea,Nay,Nay,Nay,Yea,Nay,Nay,Nay,Yea,Nay,Nay,Present,Yea,Yea,Yea,Yea,Yea,Nay,Nay,Nay,Yea,Yea,Nay,Nay,Nay,Yea,Yea,Yea,Nay,Yea,Yea,Yea,Yea,Yea,Nay,Yea,Yea,Yea,Yea,Nay,Yea,Yea,Yea,Yea,Nay,Yea,Yea,Not Voting,Yea,Nay,Yea,Nay,Nay,Nay,Yea,Nay,Nay,Nay,Yea,Yea,Yea,Yea,Yea,Nay,Yea,Yea,Nay,Yea,Yea,Nay,Yea,Yea,Yea,Yea,Yea,Yea,Yea,Yea,Yea,Nay,Nay,Yea,Yea,Yea,Yea,Yea,Yea,Yea,Yea,Yea,Yea,Yea,Yea,Yea,Nay,Not Voting,Nay,Yea,Nay,Nay,Nay,Yea,Yea,Yea,Nay,Yea,Nay,Yea,Yea,Nay,Yea,Yea,Nay,Yea,Yea,Nay,Nay,Yea,Yea,Yea,Nay,Yea,Yea,Yea,Nay,Yea,Nay,Yea,Yea,Yea,Yea,Nay,Nay,Yea,Yea,Yea,Yea,Yea,Yea,Nay,Yea,Yea,Yea,Nay,Yea,Yea,Yea,Yea,Nay,Nay,Yea,Yea,Yea,Nay,Yea,Yea,Yea,Yea,Yea,Yea,Yea,Yea,Yea,Yea,Yea
S306,Not Voting,Yea,Nay,Yea,Not Voting,Not Voting,Yea,Yea,Nay,Yea,Yea,Yea,Yea,Yea,Nay,Yea,Yea,Yea,Yea,Yea,Yea,Yea,Yea,Yea,Yea,Yea,Yea,Nay,Yea,Yea,Yea,Yea,Yea,Yea,Yea,Yea,Nay,Yea,Nay,Nay,Nay,Yea,Yea,Nay,Nay,Yea,Yea,Yea,Yea,Not Voting,Yea,Yea,Yea,Yea,Yea,Yea,Yea,Yea,Yea,Nay,Nay,Nay,Yea,Yea,Yea,Nay,Yea,Yea,Yea,Yea,Yea,Yea,Yea,Yea,Yea,Nay,Nay,Yea,Yea,Yea,Yea,Yea,Yea,Yea,Yea,Nay,Yea,Nay,Nay,Nay,Nay,Nay,Yea,Yea,Yea,Yea,Yea,Yea,Yea,Yea,Nay,Yea,Yea,Yea,Yea,Yea,Yea,Yea,Yea,Nay,Yea,Nay,Nay,Yea,Yea,Yea,Yea,Yea,Yea,Yea,Yea,Yea,Yea,Yea,Yea,Yea,Yea,Yea,Yea,Yea,Yea,Yea,Yea,Nay,Nay,Yea,Yea,Nay,Nay,Nay,Yea,Yea,Yea,Yea,Yea,Not Voting,Yea,Yea,Yea,Yea,Yea,Yea,Yea,Nay,Yea,Nay,Yea,Nay,Nay,Yea,Yea,Nay,Yea,Nay,Yea,Yea,Yea,Nay,Yea,Nay,Yea,Yea,Nay,Nay,Nay,Nay,Yea,Nay,Nay,Nay,Yea,Yea,Yea,Yea,Nay,Nay,Nay,Nay,Nay,Nay,Nay,Nay,Nay,Yea,Yea,Nay,Nay,Yea,Nay,Yea,Yea,Yea,Nay,Yea,Yea,Nay,Yea,Yea,Yea,Not Voting,Yea,Yea,Nay,Nay,Nay
S307,Yea,Yea,Nay,Yea,Not Voting,Yea,Yea,Yea,Nay,Yea,Yea,Yea,Yea,Yea,Nay,Yea,Yea,Yea,Yea,Yea,Nay,Nay,Nay,Yea,Nay,Yea,Yea,Nay,Yea,Yea,Yea,Yea,Yea,Yea,Yea,Yea,Nay,Yea,Nay,Nay,Nay,Yea,Yea,Nay,Nay,Yea,Yea,Yea,Yea,Yea,Yea,Nay,Yea,Yea,Yea,Yea,Yea,Yea,Yea,Nay,Nay,Nay,Yea,Yea,Yea,Nay,Yea,Yea,Yea,Yea,Yea,Not Voting,Yea,Yea,Yea,Nay,Nay,Yea,Yea,Yea,Yea,Yea,Yea,Yea,Yea,Nay,Yea,Nay,Nay,Yea,Nay,Nay,Yea,Yea,Yea,Yea,Yea,Yea,Yea,Yea,Nay,Yea,Yea,Yea,Yea,Yea,Yea,Yea,Yea,Nay,Yea,Nay,Nay,Yea,Yea,Yea,Yea,Nay,Yea,Yea,Yea,Yea,Yea,Yea,Yea,Nay,Yea,Yea,Yea,Yea,Yea,Yea,Yea,Nay,Nay,Yea,Yea,Yea,Nay,Nay,Nay,Yea,Yea,Yea,Yea,Yea,Yea,Yea,Yea,Yea,Yea,Yea,Yea,Nay,Yea,Nay,Yea,Nay,Nay,Nay,Yea,Nay,Yea,Nay,Yea,Yea,Yea,Nay,Yea,Nay,Yea,Yea,Nay,Nay,Nay,Nay,Yea,Nay,Nay,Nay,Yea,Yea,Yea,Yea,Nay,Nay,Nay,Nay,Nay,Nay,Nay,Nay,Nay,Yea,Yea,Nay,Nay,Yea,Yea,Yea,Yea,Yea,Nay,Yea,Yea,Nay,Yea,Yea,Yea,Nay,Yea,Yea,Nay,Nay,Nay
S308,Yea,Yea,Nay,Yea,Yea,Yea,Yea,Yea,Yea,Yea,Yea,Yea,Yea,Yea,Nay,Yea,Yea,Yea,Yea,Yea,Nay,Nay,Nay,Yea,Nay,Yea,Yea,Nay,Yea,Yea,Yea,Yea,Yea,Yea,Yea,Yea,Nay,Yea,Nay,Nay,Nay,Yea,Yea,Nay,Nay,Yea,Yea,Yea,Yea,Not Voting,Yea,Yea,Yea,Yea,Yea,Yea,Yea,Yea,Yea,Nay,Nay,Nay,Yea,Yea,Yea,Yea,Yea,Yea,Yea,Yea,Yea,Yea,Yea,Yea,Yea,Nay,Nay,Yea,Yea,Yea,Yea,Yea,Yea,Yea,Yea,Nay,Yea,Nay,Nay,Yea,Nay,Nay,Yea,Yea,Yea,Yea,Yea,Yea,Yea,Yea,Nay,Yea,Yea,Yea,Yea,Yea,Yea,Yea,Yea,Nay,Yea,Nay,Nay,Yea,Yea,Yea,Yea,Yea,Yea,Yea,Yea,Yea,Yea,Yea,Yea,Yea,Yea,Yea,Yea,Yea,Yea,Yea,Yea,Nay,Nay,Yea,Not Voting,Not Voting,Nay,Nay,Nay,Yea,Yea,Yea,Yea,Yea,Yea,Yea,Yea,Yea,Yea,Yea,Yea,Nay,Yea,Nay,Yea,Nay,Nay,Nay,Yea,Nay,Yea,Nay,Yea,Yea,Yea,Nay,Yea,Nay,Yea,Yea,Nay,Nay,Nay,Nay,Yea,Nay,Nay,Nay,Yea,Yea,Yea,Yea,Nay,Nay,Nay,Nay,Nay,Nay,Nay,Nay,Nay,Yea,Yea,Nay,Nay,Yea,Yea,Yea,Yea,Yea,Nay,Yea,Yea,Nay,Yea,Yea,Yea,Nay,Yea,Yea,Nay,Nay,Nay
S309,Yea,Yea,Nay,Yea,Yea,Yea,Yea,Yea,Nay,Yea,Yea,Yea,Yea,Yea,Nay,Yea,Yea,Yea,Yea,Yea,Nay,Nay,Nay,Yea,Nay,Yea,Yea,Nay,Yea,Yea,Yea,Yea,Yea,Yea,Yea,Yea,Nay,Yea,Nay,Nay,Nay,Yea,Yea,Yea,Yea,Yea,Yea,Yea,Yea,Yea,Yea,Yea,Yea,Yea,Yea,Yea,Yea,Yea,Yea,Nay,Nay,Nay,Yea,Yea,Yea,Yea,Yea,Yea,Yea,Yea,Yea,Yea,Yea,Yea,Yea,Yea,Yea,Yea,Yea,Yea,Yea,Yea,Yea,Yea,Yea,Nay,Yea,Nay,Nay,Yea,Nay,Nay,Yea,Yea,Yea,Yea,Yea,Yea,Yea,Yea,Yea,Yea,Yea,Yea,Yea,Yea,Yea,Yea,Yea,Nay,Yea,Nay,Yea,Yea,Yea,Yea,Yea,Yea,Yea,Yea,Yea,Yea,Yea,Yea,Yea,Yea,Yea,Yea,Yea,Yea,Yea,Yea,Yea,Nay,Nay,Yea,Yea,Yea,Nay,Yea,Yea,Yea,Nay,Yea,Yea,Yea,Yea,Yea,Yea,Yea,Yea,Yea,Yea,Nay,Yea,Nay,Yea,Nay,Nay,Yea,Yea,Nay,Yea,Nay,Yea,Yea,Yea,Nay,Yea,Nay,Yea,Yea,Nay,Nay,Nay,Nay,Yea,Nay,Nay,Nay,Yea,Yea,Yea,Yea,Yea,Nay,Nay,Nay,Nay,Nay,Nay,Nay,Nay,Yea,Yea,Yea,Nay,Yea,Yea,Yea,Yea,Yea,Nay,Yea,Yea,Nay,Yea,Yea,Yea,Nay,Yea,Yea,Nay,Nay,Nay
S310,Yea,Nay,Nay,Yea,Yea,Yea,Nay,Yea,Yea,Yea,Yea,Yea,Nay,Nay,Yea,Yea,Yea,Yea,Nay,Yea,Nay,Nay,Nay,Nay,Nay,Yea,Yea,Yea,Yea,Yea,Nay,Nay,Yea,Nay,Nay,Yea,Not Voting,Not Voting,Not Voting,Not Voting,Not Voting,Yea,Nay,Nay,Yea,Nay,Yea,Yea,Nay,Nay,Yea,Nay,Nay,Yea,Yea,Nay,Nay,Yea,Yea,Nay,Nay,Nay,Yea,Nay,Yea,Yea,Yea,Nay,Nay,Nay,Yea,Yea,Nay,Nay,Nay,Yea,Yea,Yea,Nay,Yea,Yea,Yea,Not Voting,Not Voting,Not Voting,Nay,Yea,Yea,Yea,Nay,Yea,Yea,Yea,Yea,Nay,Nay,Nay,Nay,Yea,Nay,Yea,Nay,Nay,Nay,Yea,Nay,Nay,Nay,Yea,Nay,Yea,Yea,Yea,Nay,Yea,Yea,Nay,Nay,Yea,Nay,Nay,Yea,Yea,Yea,Yea,Yea,Yea,Yea,Yea,Nay,Nay,Yea,Yea,Yea,Nay,Yea,Yea,Yea,Yea,Yea,Yea,Nay,Yea,Yea,Nay,Yea,Nay,Yea,Nay,Nay,Nay,Nay,Yea,Yea,Nay,Yea,Nay,Yea,Yea,Nay,Nay,Yea,Nay,Yea,Yea,Nay,Nay,Yea,Yea,Yea,Nay,Yea,Yea,Yea,Nay,Yea,Nay,Yea,Yea,Yea,Yea,Nay,Nay,Yea,Yea,Nay,Yea,Yea,Yea,Nay,Yea,Yea,Yea,Nay,Yea,Yea,Yea,Yea,Yea,Nay,Yea,Yea,Yea,Nay,Nay,Nay,Nay,Nay,Yea,Nay,Yea,Nay,Nay,Nay,Nay
S311,Yea,Yea,Nay,Yea,Yea,Yea,Yea,Yea,Yea,Yea,Yea,Yea,Yea,Yea,Nay,Yea,Yea,Yea,Yea,Yea,Nay,Yea,Nay,Yea,Yea,Yea,Yea,Nay,Yea,Yea,Yea,Yea,Not Voting,Yea,Yea,Yea,Nay,Yea,Nay,Nay,Yea,Yea,Yea,Nay,Nay,Yea,Yea,Yea,Yea,Yea,Yea,Yea,Yea,Yea,Yea,Yea,Yea,Yea,Yea,Nay,Nay,Nay,Yea,Yea,Yea,Yea,Yea,Yea,Yea,Yea,Yea,Yea,Yea,Yea,Yea,Nay,Nay,Yea,Nay,Yea,Yea,Yea,Yea,Yea,Yea,Nay,Yea,Nay,Yea,Yea,Nay,Nay,Yea,Yea,Yea,Yea,Yea,Yea,Yea,Yea,Nay,Yea,Yea,Yea,Not Voting,Not Voting,Not Voting,Not Voting,Yea,Nay,Yea,Nay,Nay,Yea,Yea,Yea,Yea,Yea,Yea,Yea,Yea,Yea,Yea,Yea,Yea,Yea,Yea,Yea,Yea,Yea,Yea,Yea,Yea,Nay,Nay,Yea,Yea,Yea,Nay,Nay,Yea,Yea,Yea,Yea,Yea,Yea,Yea,Yea,Yea,Yea,Yea,Yea,Yea,Nay,Yea,Nay,Yea,Nay,Nay,Yea,Yea,Nay,Yea,Nay,Yea,Yea,Yea,Nay,Yea,Nay,Yea,Yea,Yea,Nay,Nay,Nay,Yea,Nay,Nay,Yea,Yea,Yea,Yea,Yea,Nay,Nay,Nay,Nay,Nay,Yea,Nay,Nay,Nay,Yea,Yea,Nay,Nay,Yea,Yea,Yea,Yea,Yea,Nay,Yea,Yea,Nay,Yea,Yea,Yea,Nay,Yea,Yea,Nay,Nay,Nay
S312,Yea,Yea,Yea,Yea,Yea,Yea,Nay,Nay,Yea,Yea,Yea,Yea,Yea,Yea,Nay,Yea,Yea,Yea,Yea,Yea,Nay,Nay,Yea,Yea,Yea,Yea,Yea,Nay,Yea,Yea,Yea,Yea,Yea,Nay,Yea,Yea,Nay,Yea,Nay,Nay,Nay,Yea,Yea,Yea,Yea,Yea,Yea,Yea,Yea,Yea,Yea,Yea,Yea,Yea,Yea,Yea,Nay,Yea,Yea,Present,Nay,Nay,Yea,Yea,Yea,Yea,Yea,Yea,Yea,Yea,Yea,Yea,Nay,Yea,Yea,Yea,Yea,Yea,Yea,Yea,Yea,Yea,Not Voting,Not Voting,Yea,Nay,Yea,Nay,Yea,Yea,Nay,Yea,Yea,Yea,Yea,Yea,Yea,Yea,Yea,Yea,Yea,Yea,Not Voting,Not Voting,Yea,Yea,Yea,Yea,Not Voting,Nay,Yea,Yea,Yea,Yea,Yea,Yea,Yea,Nay,Yea,Nay,Yea,Not Voting,Not Voting,Not Voting,Yea,Yea,Yea,Yea,Yea,Yea,Not Voting,Not Voting,Yea,Nay,Nay,Yea,Yea,Yea,Nay,Nay,Nay,Yea,Nay,Yea,Yea,Not Voting,Yea,Yea,Yea,Yea,Yea,Yea,Yea,Nay,Yea,Nay,Yea,Nay,Nay,Yea,Yea,Nay,Yea,Nay,Yea,Yea,Yea,Nay,Yea,Nay,Yea,Yea,Yea,Yea,Nay,Yea,Yea,Yea,Nay,Yea,Yea,Yea,Yea,Yea,Nay,Nay,Nay,Nay,Yea,Yea,Nay,Nay,Nay,Yea,Yea,Nay,Nay,Yea,Yea,Yea,Yea,Yea,Yea,Yea,Yea,Nay,Yea,Yea,Yea,Nay,Yea,Yea,Yea,Nay,Nay
S313,Nay,Yea,Nay,Yea,Yea,Yea,Yea,Yea,Nay,Yea,Not Voting,Yea,Yea,Yea,Nay,Yea,Yea,Yea,Yea,Yea,Nay,Nay,Nay,Yea,Nay,Yea,Yea,Nay,Yea,Yea,Yea,Yea,Yea,Yea,Yea,Yea,Nay,Yea,Nay,Nay,Nay,Yea,Yea,Nay,Nay,Yea,Yea,Yea,Yea,Yea,Yea,Yea,Yea,Yea,Yea,Yea,Yea,Yea,Yea,Nay,Nay,Nay,Yea,Yea,Yea,Nay,Yea,Yea,Yea,Yea,Yea,Yea,Yea,Yea,Yea,Nay,Nay,Yea,Yea,Yea,Yea,Yea,Yea,Yea,Yea,Nay,Yea,Nay,Nay,Yea,Nay,Nay,Yea,Yea,Yea,Yea,Yea,Yea,Yea,Yea,Nay,Yea,Yea,Yea,Yea,Yea,Yea,Yea,Yea,Nay,Yea,Nay,Nay,Yea,Nay,Yea,Yea,Nay,Yea,Yea,Yea,Yea,Yea,Yea,Yea,Nay,Nay,Nay,Yea,Yea,Yea,Yea,Yea,Nay,Nay,Yea,Yea,Yea,Nay,Nay,Nay,Yea,Yea,Yea,Yea,Yea,Yea,Yea,Yea,Yea,Yea,Yea,Yea,Nay,Yea,Nay,Yea,Nay,Nay,Nay,Yea,Nay,Yea,Nay,Yea,Yea,Yea,Nay,Yea,Nay,Yea,Yea,Nay,Nay,Nay,Nay,Yea,Nay,Nay,Nay,Yea,Yea,Yea,Yea,Nay,Nay,Nay,Nay,Nay,Nay,Nay,Nay,Nay,Yea,Yea,Nay,Nay,Yea,Yea,Yea,Yea,Yea,Nay,Yea,Yea,Nay,Yea,Yea,Yea,Nay,Yea,Yea,Nay,Nay,Nay
S314,Yea,Yea,Nay,Yea,Yea,Yea,Yea,Yea,Nay,Yea,Yea,Yea,Yea,Yea,Nay,Yea,Yea,Yea,Yea,Yea,Nay,Nay,Nay,Yea,Yea,Yea,Yea,Nay,Yea,Yea,Yea,Yea,Yea,Yea,Yea,Yea,Nay,Yea,Nay,Nay,Nay,Yea,Yea,Yea,Yea,Yea,Yea,Yea,Yea,Yea,Yea,Yea,Yea,Yea,Yea,Yea,Yea,Yea,Yea,Nay,Nay,Nay,Yea,Yea,Yea,Yea,Yea,Yea,Yea,Yea,Yea,Not Voting,Yea,Yea,Yea,Nay,Nay,Yea,Nay,Yea,Yea,Yea,Not Voting,Not Voting,Yea,Nay,Yea,Nay,Yea,Yea,Nay,Nay,Yea,Yea,Yea,Yea,Yea,Yea,Yea,Yea,Nay,Yea,Yea,Yea,Yea,Yea,Yea,Yea,Yea,Nay,Yea,Nay,Nay,Yea,Yea,Yea,Yea,Yea,Yea,Yea,Yea,Yea,Yea,Yea,Yea,Yea,Nay,Nay,Yea,Nay,Yea,Yea,Yea,Nay,Nay,Yea,Yea,Yea,Nay,Nay,Nay,Yea,Nay,Yea,Yea,Yea,Yea,Yea,Yea,Yea,Yea,Yea,Yea,Nay,Yea,Nay,Yea,Nay,Nay,Yea,Yea,Nay,Yea,Nay,Yea,Yea,Yea,Nay,Yea,Yea,Yea,Yea,Yea,Yea,Nay,Nay,Nay,Nay,Nay,Nay,Yea,Yea,Yea,Yea,Nay,Nay,Nay,Nay,Nay,Yea,Nay,Nay,Nay,Yea,Yea,Nay,Nay,Yea,Yea,Yea,Yea,Yea,Yea,Yea,Yea,Nay,Not Voting,Not Voting,Yea,Nay,Yea,Yea,Nay,Nay,Nay
S315,Yea,Yea,Nay,Yea,Yea,Yea,Yea,Yea,Nay,Yea,Yea,Yea,Yea,Yea,Nay,Yea,Yea,Yea,Yea,Yea,Nay,Nay,Nay,Yea,Nay,Yea,Yea,Nay,Yea,Yea,Yea,Yea,Yea,Yea,Yea,Yea,Nay,Yea,Nay,Yea,Nay,Yea,Yea,Nay,Yea,Yea,Yea,Yea,Yea,Not Voting,Not Voting,Yea,Yea,Yea,Yea,Yea,Nay,Yea,Yea,Nay,Nay,Not Voting,Yea,Yea,Yea,Yea,Yea,Nay,Yea,Yea,Yea,Yea,Nay,Yea,Yea,Yea,Yea,Yea,Yea,Yea,Yea,Yea,Yea,Yea,Yea,Nay,Yea,Nay,Nay,Yea,Nay,Nay,Yea,Yea,Yea,Yea,Yea,Yea,Yea,Yea,Yea,Yea,Yea,Yea,Yea,Yea,Yea,Yea,Yea,Nay,Yea,Nay,Yea,Yea,Yea,Yea,Yea,Yea,Yea,Yea,Yea,Yea,Yea,Yea,Yea,Yea,Yea,Yea,Yea,Yea,Yea,Yea,Yea,Nay,Nay,Yea,Yea,Yea,Nay,Nay,Nay,Yea,Nay,Yea,Yea,Yea,Yea,Yea,Yea,Yea,Yea,Yea,Yea,Nay,Yea,Nay,Yea,Nay,Nay,Yea,Yea,Nay,Yea,Nay,Yea,Yea,Yea,Nay,Yea,Nay,Nay,Yea,Yea,Nay,Nay,Nay,Yea,Nay,Nay,Nay,Yea,Yea,Yea,Yea,Nay,Nay,Nay,Nay,Nay,Nay,Nay,Nay,Nay,Yea,Yea,Nay,Nay,Yea,Yea,Yea,Yea,Yea,Nay,Not Voting,Yea,Not Voting,Yea,Yea,Yea,Nay,Yea,Yea,Nay,Nay,Nay
S316,Yea,Yea,Nay,Yea,Yea,Yea,Yea,Yea,Nay,Yea,Yea,Yea,Yea,Yea,Nay,Yea,Yea,Yea,Yea,Yea,Nay,Nay,Nay,Yea,Nay,Yea,Yea,Nay,Yea,Yea,Yea,Yea,Yea,Yea,Yea,Nay,Nay,Yea,Nay,Nay,Nay,Yea,Yea,Nay,Nay,Yea,Nay,Yea,Yea,Not Voting,Nay,Yea,Yea,Yea,Yea,Yea,Yea,Yea,Nay,Nay,Nay,Nay,Yea,Yea,Yea,Yea,Yea,Yea,Yea,Yea,Yea,Yea,Yea,Yea,Yea,Yea,Yea,Yea,Yea,Yea,Yea,Yea,Yea,Yea,Yea,Nay,Yea,Nay,Nay,Yea,Nay,Nay,Yea,Yea,Yea,Yea,Yea,Yea,Yea,Yea,Yea,Yea,Yea,Yea,Yea,Yea,Yea,Yea,Yea,Nay,Yea,Nay,Yea,Yea,Yea,Yea,Yea,Nay,Yea,Yea,Yea,Yea,Yea,Yea,Yea,Nay,Yea,Yea,Yea,Yea,Yea,Yea,Yea,Nay,Nay,Yea,Yea,Nay,Nay,Nay,Yea,Yea,Yea,Yea,Yea,Yea,Yea,Yea,Yea,Yea,Yea,Yea,Yea,Nay,Yea,Nay,Yea,Nay,Nay,Nay,Yea,Nay,Yea,Nay,Yea,Yea,Yea,Nay,Yea,Nay,Yea,Yea,Nay,Nay,Nay,Nay,Yea,Nay,Nay,Nay,Yea,Yea,Yea,Yea,Nay,Nay,Nay,Nay,Nay,Nay,Nay,Nay,Nay,Yea,Yea,Nay,Nay,Yea,Yea,Yea,Yea,Yea,Nay,Yea,Yea,Nay,Yea,Yea,Yea,Nay,Yea,Yea,Nay,Nay,Nay
S317,Yea,Nay,Nay,Yea,Yea,Yea,Nay,Nay,Yea,Yea,Yea,Yea,Nay,Nay,Yea,Yea,Yea,Yea,Nay,Yea,Nay,Nay,Nay,Nay,Nay,Nay,Nay,Yea,Yea,Yea,Nay,Nay,Nay,Nay,Nay,Yea,Yea,Nay,Yea,Yea,Yea,Yea,Nay,Nay,Yea,Nay,Yea,Nay,Nay,Nay,Yea,Nay,Nay,Nay,Yea,Nay,Nay,Nay,Yea,Yea,Yea,Nay,Nay,Nay,Nay,Yea,Yea,Nay,Nay,Nay,Yea,Nay,Nay,Nay,Nay,Yea,Yea,Nay,Nay,Nay,Yea,Yea,Nay,Nay,Nay,Yea,Nay,Yea,Yea,Nay,Yea,Yea,Nay,Yea,Nay,Nay,Nay,Nay,Yea,Nay,Yea,Nay,Nay,Nay,Yea,Yea,Nay,Nay,Yea,Yea,Yea,Yea,Yea,Nay,Yea,Yea,Nay,Yea,Yea,Nay,Yea,Yea,Nay,Yea,Nay,Yea,Nay,Nay,Nay,Nay,Nay,Yea,Yea,Yea,Yea,Yea,Yea,Yea,Yea,Yea,Nay,Yea,Nay,Nay,Nay,Yea,Nay,Yea,Nay,Nay,Nay,Nay,Yea,Yea,Nay,Yea,Nay,Yea,Yea,Nay,Yea,Yea,Nay,Yea,Yea,Nay,Nay,Yea,Yea,Yea,Nay,Yea,Yea,Yea,Nay,Yea,Nay,Yea,Yea,Yea,Yea,Nay,Nay,Yea,Yea,Yea,Nay,Yea,Yea,Nay,Yea,Yea,Yea,Nay,Nay,Yea,Yea,Nay,Nay,Nay,Yea,Yea,Yea,Nay,Yea,Yea,Yea,Nay,Yea,Nay,Yea,Nay,Yea,Yea,Yea
S318,Yea,Yea,Yea,Yea,Yea,Yea,Yea,Nay,Yea,Yea,Yea,Yea,Nay,Nay,Yea,Yea,Yea,Yea,Nay,Yea,Yea,Yea,Yea,Nay,Yea,Yea,Yea,Yea,Yea,Yea,Nay,Nay,Yea,Yea,Nay,Yea,Yea,Nay,Yea,Yea,Yea,Yea,Yea,Nay,Yea,Nay,Yea,Not Voting,Nay,Nay,Yea,Nay,Nay,Nay,Yea,Nay,Nay,Nay,Yea,Nay,Nay,Nay,Yea,Nay,Yea,Yea,Yea,Nay,Nay,Yea,Yea,Not Voting,Nay,Nay,Nay,Yea,Yea,Nay,Nay,Yea,Yea,Yea,Yea,Yea,Nay,Yea,Yea,Yea,Yea,Nay,Yea,Yea,Nay,Yea,Nay,Yea,Yea,Nay,Yea,Nay,Yea,Nay,Not Voting,Not Voting,Yea,Yea,Nay,Nay,Not Voting,Yea,Yea,Yea,Yea,Yea,Yea,Yea,Nay,Yea,Yea,Nay,Yea,Yea,Yea,Yea,Yea,Yea,Nay,Nay,Yea,Nay,Nay,Yea,Yea,Nay,Nay,Yea,Not Voting,Not Voting,Yea,Yea,Yea,Yea,Yea,Yea,Nay,Not Voting,Nay,Yea,Nay,Nay,Nay,Nay,Yea,Yea,Nay,Yea,Nay,Yea,Yea,Nay,Not Voting,Yea,Nay,Yea,Yea,Yea,Nay,Yea,Yea,Yea,Nay,Not Voting,Yea,Yea,Nay,Nay,Nay,Yea,Yea,Yea,Yea,Nay,Nay,Yea,Yea,Yea,Nay,Yea,Nay,Nay,Yea,Yea,Yea,Nay,Nay,Yea,Yea,Nay,Yea,Nay,Yea,Yea,Yea,Nay,Yea,Yea,Yea,Yea,Yea,Yea,Yea,Yea,Yea,Yea,Yea
